m,n,k,time_nocollapse,time_collapse2,error_max
100,8192,100,0.2620768547058105,4.1131973266601563E-003,0.000000000000000
100,8192,250,0.3615291118621826,6.8788528442382813E-003,0.000000000000000
100,8192,500,0.5510480403900146,1.2291908264160156E-002,0.000000000000000
100,8192,750,0.7613098621368408,1.7756938934326172E-002,0.000000000000000
100,8192,1000,0.9568250179290771,1.6469955444335938E-002,0.000000000000000
100,8192,1500,1.374057054519653,3.1063079833984375E-002,0.000000000000000
100,8192,2000,1.801401138305664,4.5691013336181641E-002,0.000000000000000
100,8192,2500,2.211559057235718,9.6438884735107422E-002,0.000000000000000
100,8192,3000,2.632277965545654,0.1163358688354492,0.000000000000000
100,8192,3500,3.033278942108154,0.1365420818328857,0.000000000000000
100,16384,100,0.2856681346893311,6.4160823822021484E-003,0.000000000000000
100,16384,250,0.5524051189422607,9.2079639434814453E-003,0.000000000000000
100,16384,500,0.9421470165252686,1.6530990600585938E-002,0.000000000000000
100,16384,750,1.382473945617676,2.6987075805664063E-002,0.000000000000000
100,16384,1000,1.789094924926758,4.2546987533569336E-002,0.000000000000000
100,16384,1500,2.634294033050537,0.1152598857879639,0.000000000000000
100,16384,2000,3.479246854782104,0.1523151397705078,0.000000000000000
100,16384,2500,4.328883886337280,0.1972019672393799,0.000000000000000
100,16384,3000,5.225212812423706,0.2360639572143555,0.000000000000000
100,16384,3500,5.989857196807861,0.2774720191955566,0.000000000000000
100,24576,100,0.3775520324707031,1.1681079864501953E-002,0.000000000000000
100,24576,250,0.7659277915954590,1.4117002487182617E-002,0.000000000000000
100,24576,500,1.358178853988647,3.1867980957031250E-002,0.000000000000000
100,24576,750,2.029362916946411,9.0662002563476563E-002,0.000000000000000
100,24576,1000,2.667140960693359,0.1204500198364258,0.000000000000000
100,24576,1500,3.911303043365479,0.1807539463043213,0.000000000000000
100,24576,2000,5.167858839035034,0.2415239810943604,0.000000000000000
100,24576,2500,6.408303976058960,0.3058791160583496,0.000000000000000
100,24576,3000,7.708742856979370,0.3717670440673828,0.000000000000000
100,24576,3500,8.976315021514893,0.4381649494171143,0.000000000000000
100,32768,100,0.4520409107208252,1.0725975036621094E-002,0.000000000000000
100,32768,250,0.9634130001068115,2.3462057113647461E-002,0.000000000000000
100,32768,500,1.830733060836792,4.9156904220581055E-002,0.000000000000000
100,32768,750,2.666525125503540,0.1222870349884033,0.000000000000000
100,32768,1000,3.534121990203857,0.1588470935821533,0.000000000000000
100,32768,1500,5.167684078216553,0.2417101860046387,0.000000000000000
100,32768,2000,6.865978956222534,0.3324739933013916,0.000000000000000
100,32768,2500,8.586178064346313,0.4133591651916504,0.000000000000000
100,32768,3000,10.28502297401428,0.5006539821624756,0.000000000000000
100,32768,3500,11.97832298278809,0.5852370262145996,0.000000000000000
100,40960,100,0.5241069793701172,1.2932062149047852E-002,0.000000000000000
100,40960,250,1.160624980926514,2.7038097381591797E-002,0.000000000000000
100,40960,500,2.258790969848633,0.1015479564666748,0.000000000000000
100,40960,750,3.300487995147705,0.1521170139312744,0.000000000000000
100,40960,1000,4.340350866317749,0.2017159461975098,0.000000000000000
100,40960,1500,6.470856904983521,0.3067839145660400,0.000000000000000
100,40960,2000,8.589108943939209,0.4083697795867920,0.000000000000000
100,40960,2500,10.71118688583374,0.5167829990386963,0.000000000000000
100,40960,3000,12.82665991783142,0.6149718761444092,0.000000000000000
100,40960,3500,14.99545693397522,0.7117221355438232,0.000000000000000
100,49152,100,0.6350340843200684,2.2512912750244141E-002,0.000000000000000
100,49152,250,1.423116207122803,3.6150932312011719E-002,0.000000000000000
100,49152,500,2.695896863937378,0.1285841464996338,0.000000000000000
100,49152,750,3.940150022506714,0.1888740062713623,0.000000000000000
100,49152,1000,5.221806049346924,0.2531199455261230,0.000000000000000
100,49152,1500,7.767928838729858,0.3834619522094727,0.000000000000000
100,49152,2000,10.32493185997009,0.5095710754394531,0.000000000000000
100,49152,2500,12.94813299179077,0.6337459087371826,0.000000000000000
100,49152,3000,15.41796302795410,0.7632489204406738,0.000000000000000
100,49152,3500,17.99646210670471,0.8906760215759277,0.000000000000000
100,57344,100,0.7220818996429443,1.8650054931640625E-002,0.000000000000000
100,57344,250,1.592514991760254,4.3305158615112305E-002,0.000000000000000
100,57344,500,3.176690101623535,0.1488940715789795,0.000000000000000
100,57344,750,4.626998186111450,0.2178320884704590,0.000000000000000
100,57344,1000,6.107942104339600,0.2997419834136963,0.000000000000000
100,57344,1500,9.037634849548340,0.4344420433044434,0.000000000000000
100,57344,2000,12.00918507575989,0.5767860412597656,0.000000000000000
100,57344,2500,14.98352003097534,0.7199180126190186,0.000000000000000
100,57344,3000,18.03586697578430,0.8711049556732178,0.000000000000000
100,57344,3500,20.93800687789917,1.001746892929077,0.000000000000000
100,65536,100,0.8027291297912598,2.5299787521362305E-002,0.000000000000000
100,65536,250,1.845275878906250,9.7560882568359375E-002,0.000000000000000
100,65536,500,3.554028034210205,0.1809701919555664,0.000000000000000
100,65536,750,5.263484001159668,0.2632348537445068,0.000000000000000
100,65536,1000,6.973809003829956,0.3401498794555664,0.000000000000000
100,65536,1500,10.30908393859863,0.5001778602600098,0.000000000000000
100,65536,2000,13.71026587486267,0.6704881191253662,0.000000000000000
100,65536,2500,17.11856007575989,0.8286519050598145,0.000000000000000
100,65536,3000,20.51718688011169,0.9920480251312256,0.000000000000000
100,65536,3500,24.09929490089417,1.197528123855591,0.000000000000000
100,73728,100,0.8952569961547852,2.4087905883789063E-002,0.000000000000000
100,73728,250,2.057246208190918,0.1467080116271973,0.000000000000000
100,73728,500,3.990247011184692,0.1938030719757080,0.000000000000000
100,73728,750,5.913192987442017,0.2966990470886230,0.000000000000000
100,73728,1000,7.772312879562378,0.3986680507659912,0.000000000000000
100,73728,1500,11.60577297210693,0.6028800010681152,0.000000000000000
100,73728,2000,15.43304896354675,0.7819271087646484,0.000000000000000
100,73728,2500,19.26787590980530,0.9830191135406494,0.000000000000000
100,73728,3000,23.10220503807068,1.178397893905640,0.000000000000000
100,73728,3500,26.96481108665466,2.303864002227783,0.000000000000000
100,81920,100,0.9952809810638428,2.7252912521362305E-002,0.000000000000000
100,81920,250,2.280567884445190,0.1171889305114746,0.000000000000000
100,81920,500,4.362303972244263,0.2173418998718262,0.000000000000000
100,81920,750,6.493539810180664,0.3222918510437012,0.000000000000000
100,81920,1000,8.630674839019775,0.4229061603546143,0.000000000000000
100,81920,1500,12.88297605514526,0.6383130550384521,0.000000000000000
100,81920,2000,17.13179802894592,0.8404681682586670,0.000000000000000
100,81920,2500,21.39198303222656,1.042230844497681,0.000000000000000
100,81920,3000,25.66111302375793,1.263459920883179,0.000000000000000
100,81920,3500,29.91776418685913,1.461271047592163,0.000000000000000
250,8192,100,0.2053699493408203,5.4469108581542969E-003,0.000000000000000
250,8192,250,0.3486988544464111,1.1153936386108398E-002,0.000000000000000
250,8192,500,0.5682618618011475,1.9814014434814453E-002,0.000000000000000
250,8192,750,0.7894721031188965,2.4785995483398438E-002,0.000000000000000
250,8192,1000,1.011938095092773,4.2312860488891602E-002,0.000000000000000
250,8192,1500,1.449820995330811,7.5448036193847656E-002,0.000000000000000
250,8192,2000,1.900221824645996,0.1354970932006836,0.000000000000000
250,8192,2500,2.310356855392456,0.1734209060668945,0.000000000000000
250,8192,3000,2.769047975540161,0.2100651264190674,0.000000000000000
250,8192,3500,3.204107046127319,0.2465460300445557,0.000000000000000
250,16384,100,0.2956101894378662,1.4831066131591797E-002,0.000000000000000
250,16384,250,0.5630140304565430,1.6350984573364258E-002,0.000000000000000
250,16384,500,1.005516052246094,4.6090841293334961E-002,0.000000000000000
250,16384,750,1.437000989913940,7.1041822433471680E-002,0.000000000000000
250,16384,1000,1.904365062713623,0.1347649097442627,0.000000000000000
250,16384,1500,2.797276973724365,0.2092099189758301,0.000000000000000
250,16384,2000,3.661184787750244,0.2789270877838135,0.000000000000000
250,16384,2500,4.603110074996948,0.3584330081939697,0.000000000000000
250,16384,3000,5.491804122924805,0.4252409934997559,0.000000000000000
250,16384,3500,6.352400064468384,0.4998741149902344,0.000000000000000
250,24576,100,0.3883898258209229,2.0929098129272461E-002,0.000000000000000
250,24576,250,0.8079330921173096,2.8687953948974609E-002,0.000000000000000
250,24576,500,1.474708795547485,7.8303098678588867E-002,0.000000000000000
250,24576,750,2.118829011917114,0.1668410301208496,0.000000000000000
250,24576,1000,2.784693956375122,0.2257230281829834,0.000000000000000
250,24576,1500,4.113234996795654,0.3399779796600342,0.000000000000000
250,24576,2000,5.489683151245117,0.4526860713958740,0.000000000000000
250,24576,2500,6.783570051193237,0.5666420459747314,0.000000000000000
250,24576,3000,8.113469123840332,0.6872279644012451,0.000000000000000
250,24576,3500,9.442703962326050,0.7941458225250244,0.000000000000000
250,32768,100,0.4886369705200195,2.1286010742187500E-002,0.000000000000000
250,32768,250,1.014894008636475,6.1899900436401367E-002,0.000000000000000
250,32768,500,1.905570983886719,0.1511659622192383,0.000000000000000
250,32768,750,2.772636890411377,0.2294030189514160,0.000000000000000
250,32768,1000,3.661564111709595,0.3041350841522217,0.000000000000000
250,32768,1500,5.494287967681885,0.4533519744873047,0.000000000000000
250,32768,2000,7.224940061569214,0.6283259391784668,0.000000000000000
250,32768,2500,9.063807964324951,0.7616529464721680,0.000000000000000
250,32768,3000,10.88341116905212,0.9343740940093994,0.000000000000000
250,32768,3500,12.58561301231384,1.072413921356201,0.000000000000000
250,40960,100,0.5440468788146973,2.3617029190063477E-002,0.000000000000000
250,40960,250,1.229666948318481,6.2534093856811523E-002,0.000000000000000
250,40960,500,2.323754072189331,0.1914019584655762,0.000000000000000
250,40960,750,3.460501194000244,0.2824280261993408,0.000000000000000
250,40960,1000,4.590312957763672,0.3787498474121094,0.000000000000000
250,40960,1500,6.781112909317017,0.5632531642913818,0.000000000000000
250,40960,2000,9.002202033996582,0.7527768611907959,0.000000000000000
250,40960,2500,11.26471805572510,0.9402129650115967,0.000000000000000
250,40960,3000,13.42464900016785,1.126349925994873,0.000000000000000
250,40960,3500,15.65106320381165,1.330177068710327,0.000000000000000
250,49152,100,0.6749379634857178,3.0143022537231445E-002,0.000000000000000
250,49152,250,1.472149133682251,0.1208059787750244,0.000000000000000
250,49152,500,2.776915073394775,0.2373359203338623,0.000000000000000
250,49152,750,4.097170829772949,0.3615999221801758,0.000000000000000
250,49152,1000,5.440130949020386,0.4759421348571777,0.000000000000000
250,49152,1500,8.099728822708130,0.7066209316253662,0.000000000000000
250,49152,2000,10.76183700561523,0.9383950233459473,0.000000000000000
250,49152,2500,13.42134213447571,1.173231840133667,0.000000000000000
250,49152,3000,16.07890701293945,1.400825023651123,0.000000000000000
250,49152,3500,18.75508999824524,1.644512891769409,0.000000000000000
250,57344,100,0.7287149429321289,3.7806987762451172E-002,0.000000000000000
250,57344,250,1.705455064773560,0.1397011280059814,0.000000000000000
250,57344,500,3.257604122161865,0.2715690135955811,0.000000000000000
250,57344,750,4.765221834182739,0.4018900394439697,0.000000000000000
250,57344,1000,6.318415164947510,0.5330219268798828,0.000000000000000
250,57344,1500,9.430310010910034,0.8032438755035400,0.000000000000000
250,57344,2000,12.53769111633301,1.070637941360474,0.000000000000000
250,57344,2500,15.64445209503174,1.338423967361450,0.000000000000000
250,57344,3000,18.74290084838867,1.598668813705444,0.000000000000000
250,57344,3500,21.85224699974060,1.871240854263306,0.000000000000000
250,65536,100,0.9025371074676514,5.3749084472656250E-002,0.000000000000000
250,65536,250,1.896286010742188,0.1645789146423340,0.000000000000000
250,65536,500,3.672975063323975,0.3279900550842285,0.000000000000000
250,65536,750,5.432004928588867,0.4738419055938721,0.000000000000000
250,65536,1000,7.213459014892578,0.6228868961334229,0.000000000000000
250,65536,1500,10.82980108261108,0.9335751533508301,0.000000000000000
250,65536,2000,14.30356884002686,1.234511852264404,0.000000000000000
250,65536,2500,17.86048483848572,1.545516967773438,0.000000000000000
250,65536,3000,21.41854000091553,1.854806900024414,0.000000000000000
250,65536,3500,24.96232914924622,2.163536071777344,0.000000000000000
250,73728,100,0.9575440883636475,5.2261114120483398E-002,0.000000000000000
250,73728,250,2.143043041229248,0.1904399394989014,0.000000000000000
250,73728,500,4.153974056243896,0.3798758983612061,0.000000000000000
250,73728,750,6.096966981887817,0.5636398792266846,0.000000000000000
250,73728,1000,8.096187114715576,0.7412521839141846,0.000000000000000
250,73728,1500,12.08892488479614,1.109749078750610,0.000000000000000
250,73728,2000,16.08442997932434,1.461745023727417,0.000000000000000
250,73728,2500,20.08354806900024,1.820599079132080,0.000000000000000
250,73728,3000,24.08717894554138,2.174918889999390,0.000000000000000
250,73728,3500,28.06305599212646,2.525833129882813,0.000000000000000
250,81920,100,1.033064842224121,5.8696985244750977E-002,0.000000000000000
250,81920,250,2.380624055862427,0.2068221569061279,0.000000000000000
250,81920,500,4.579552888870239,0.4053108692169189,0.000000000000000
250,81920,750,6.769755125045776,0.5899050235748291,0.000000000000000
250,81920,1000,9.053519964218140,0.7836849689483643,0.000000000000000
250,81920,1500,13.42343211174011,1.166329145431519,0.000000000000000
250,81920,2000,17.86784100532532,1.551901102066040,0.000000000000000
250,81920,2500,22.30852580070496,1.941209077835083,0.000000000000000
250,81920,3000,26.73940920829773,2.319995880126953,0.000000000000000
250,81920,3500,31.18335509300232,2.715790033340454,0.000000000000000
500,8192,100,0.2056682109832764,8.9321136474609375E-003,0.000000000000000
500,8192,250,0.3375091552734375,1.5744924545288086E-002,0.000000000000000
500,8192,500,0.5635769367218018,3.2495975494384766E-002,0.000000000000000
500,8192,750,0.8059530258178711,5.6622982025146484E-002,0.000000000000000
500,8192,1000,0.9924719333648682,8.6580991744995117E-002,0.000000000000000
500,8192,1500,1.439682006835938,0.1480989456176758,0.000000000000000
500,8192,2000,1.943265914916992,0.2390699386596680,0.000000000000000
500,8192,2500,2.354189157485962,0.3041357994079590,0.000000000000000
500,8192,3000,2.807236909866333,0.3642539978027344,0.000000000000000
500,8192,3500,3.254024028778076,0.4258511066436768,0.000000000000000
500,16384,100,0.3125441074371338,1.8481016159057617E-002,0.000000000000000
500,16384,250,0.5811870098114014,3.7925958633422852E-002,0.000000000000000
500,16384,500,1.035999059677124,0.1034770011901855,0.000000000000000
500,16384,750,1.460271120071411,0.1469109058380127,0.000000000000000
500,16384,1000,1.908798933029175,0.2411899566650391,0.000000000000000
500,16384,1500,2.786593914031982,0.3697769641876221,0.000000000000000
500,16384,2000,3.733850955963135,0.4968361854553223,0.000000000000000
500,16384,2500,4.577339172363281,0.6261188983917236,0.000000000000000
500,16384,3000,5.512514829635620,0.7606019973754883,0.000000000000000
500,16384,3500,6.414918899536133,0.8761851787567139,0.000000000000000
500,24576,100,0.4143750667572021,2.4402141571044922E-002,0.000000000000000
500,24576,250,0.7745211124420166,6.6387891769409180E-002,0.000000000000000
500,24576,500,1.488913059234619,0.1985089778900146,0.000000000000000
500,24576,750,2.142742156982422,0.3005878925323486,0.000000000000000
500,24576,1000,2.786261081695557,0.3997459411621094,0.000000000000000
500,24576,1500,4.180719852447510,0.5975911617279053,0.000000000000000
500,24576,2000,5.465916872024536,0.7949368953704834,0.000000000000000
500,24576,2500,6.806083917617798,1.001523971557617,0.000000000000000
500,24576,3000,8.148614168167114,1.195430994033813,0.000000000000000
500,24576,3500,9.510839223861694,1.390736818313599,0.000000000000000
500,32768,100,0.4676880836486816,3.7039041519165039E-002,0.000000000000000
500,32768,250,1.047229051589966,9.8170042037963867E-002,0.000000000000000
500,32768,500,1.943952083587646,0.2744290828704834,0.000000000000000
500,32768,750,2.791414976119995,0.4118828773498535,0.000000000000000
500,32768,1000,3.681465148925781,0.5496039390563965,0.000000000000000
500,32768,1500,5.501216173171997,0.8127560615539551,0.000000000000000
500,32768,2000,7.317418098449707,1.078680992126465,0.000000000000000
500,32768,2500,9.042079925537109,1.358273983001709,0.000000000000000
500,32768,3000,10.83505201339722,1.636082887649536,0.000000000000000
500,32768,3500,12.65475988388062,1.898644924163818,0.000000000000000
500,40960,100,0.6027951240539551,4.3024063110351563E-002,0.000000000000000
500,40960,250,1.225391864776611,0.1293189525604248,0.000000000000000
500,40960,500,2.364636898040771,0.3416850566864014,0.000000000000000
500,40960,750,3.460758924484253,0.5097630023956299,0.000000000000000
500,40960,1000,4.608072042465210,0.6684529781341553,0.000000000000000
500,40960,1500,6.806635141372681,0.9961690902709961,0.000000000000000
500,40960,2000,9.039651870727539,1.323228120803833,0.000000000000000
500,40960,2500,11.27226996421814,1.655272006988525,0.000000000000000
500,40960,3000,13.51094603538513,1.988611936569214,0.000000000000000
500,40960,3500,15.74593591690063,2.316148042678833,0.000000000000000
500,49152,100,0.7013678550720215,5.9382915496826172E-002,0.000000000000000
500,49152,250,1.453403949737549,0.2117230892181396,0.000000000000000
500,49152,500,2.814804077148438,0.4326629638671875,0.000000000000000
500,49152,750,4.133713006973267,0.6402370929718018,0.000000000000000
500,49152,1000,5.471807003021240,0.8443448543548584,0.000000000000000
500,49152,1500,8.153592109680176,1.248430013656616,0.000000000000000
500,49152,2000,10.83886194229126,1.651894092559814,0.000000000000000
500,49152,2500,13.59056401252747,2.054219007492065,0.000000000000000
500,49152,3000,16.18464684486389,2.450031995773315,0.000000000000000
500,49152,3500,18.86879086494446,2.850081920623779,0.000000000000000
500,57344,100,0.7919681072235107,7.1934938430786133E-002,0.000000000000000
500,57344,250,1.700190067291260,0.2361960411071777,0.000000000000000
500,57344,500,3.242730855941772,0.4921789169311523,0.000000000000000
500,57344,750,4.808123111724854,0.7215700149536133,0.000000000000000
500,57344,1000,6.370903968811035,0.9628801345825195,0.000000000000000
500,57344,1500,9.493731975555420,1.436693906784058,0.000000000000000
500,57344,2000,12.61807107925415,1.911262035369873,0.000000000000000
500,57344,2500,15.74349594116211,2.381140947341919,0.000000000000000
500,57344,3000,18.87899398803711,2.858620166778564,0.000000000000000
500,57344,3500,22.07060480117798,3.327303171157837,0.000000000000000
500,65536,100,0.8814861774444580,0.1003978252410889,0.000000000000000
500,65536,250,1.950664997100830,0.3104090690612793,0.000000000000000
500,65536,500,3.689929962158203,0.5829780101776123,0.000000000000000
500,65536,750,5.485008955001831,0.8622229099273682,0.000000000000000
500,65536,1000,7.340142965316772,1.124877929687500,0.000000000000000
500,65536,1500,10.84010887145996,1.665033817291260,0.000000000000000
500,65536,2000,14.41205191612244,2.216614007949829,0.000000000000000
500,65536,2500,17.97630000114441,2.739400148391724,0.000000000000000
500,65536,3000,21.54731178283691,3.272933006286621,0.000000000000000
500,65536,3500,25.13336706161499,3.834252119064331,0.000000000000000
500,73728,100,0.9833638668060303,0.1216192245483398,0.000000000000000
500,73728,250,2.136106014251709,0.3613109588623047,0.000000000000000
500,73728,500,4.165346860885620,0.6897220611572266,0.000000000000000
500,73728,750,6.153300046920776,1.020940065383911,0.000000000000000
500,73728,1000,8.230262041091919,1.315382003784180,0.000000000000000
500,73728,1500,12.17630696296692,1.947461843490601,0.000000000000000
500,73728,2000,16.20478010177612,2.576318979263306,0.000000000000000
500,73728,2500,20.21124291419983,3.171800851821899,0.000000000000000
500,73728,3000,24.22262310981750,3.782940149307251,0.000000000000000
500,73728,3500,28.24174594879150,4.410978078842163,0.000000000000000
500,81920,100,1.074207067489624,0.1148889064788818,0.000000000000000
500,81920,250,2.417449951171875,0.3841960430145264,0.000000000000000
500,81920,500,4.587254047393799,0.7212331295013428,0.000000000000000
500,81920,750,6.876521825790405,1.058947086334229,0.000000000000000
500,81920,1000,9.050113916397095,1.398072957992554,0.000000000000000
500,81920,1500,13.51561999320984,2.068326950073242,0.000000000000000
500,81920,2000,17.98281002044678,2.750284910202026,0.000000000000000
500,81920,2500,22.44515800476074,3.418239831924438,0.000000000000000
500,81920,3000,26.90143203735352,4.089858055114746,0.000000000000000
500,81920,3500,31.37601900100708,4.774780988693237,0.000000000000000
750,8192,100,0.1915259361267090,1.1839151382446289E-002,0.000000000000000
750,8192,250,0.3283560276031494,2.1116018295288086E-002,0.000000000000000
750,8192,500,0.5709929466247559,5.0523042678833008E-002,0.000000000000000
750,8192,750,0.8138728141784668,8.9648962020874023E-002,0.000000000000000
750,8192,1000,1.016550064086914,0.1342179775238037,0.000000000000000
750,8192,1500,1.448013067245483,0.2220938205718994,0.000000000000000
750,8192,2000,1.918158054351807,0.3429458141326904,0.000000000000000
750,8192,2500,2.398214817047119,0.4341270923614502,0.000000000000000
750,8192,3000,2.845248937606812,0.5196311473846436,0.000000000000000
750,8192,3500,3.303564786911011,0.6096138954162598,0.000000000000000
750,16384,100,0.2883138656616211,2.2639989852905273E-002,0.000000000000000
750,16384,250,0.5948138236999512,5.2278995513916016E-002,0.000000000000000
750,16384,500,1.043372154235840,0.1375720500946045,0.000000000000000
750,16384,750,1.451500177383423,0.2617590427398682,0.000000000000000
750,16384,1000,1.915656805038452,0.4592840671539307,0.000000000000000
750,16384,1500,2.812582969665527,0.6738359928131104,0.000000000000000
750,16384,2000,3.695741891860962,0.7152049541473389,0.000000000000000
750,16384,2500,4.646023988723755,1.081948995590210,0.000000000000000
750,16384,3000,5.516010046005249,1.073523998260498,0.000000000000000
750,16384,3500,6.419893026351929,1.264056921005249,0.000000000000000
750,24576,100,0.3976709842681885,4.6644926071166992E-002,0.000000000000000
750,24576,250,0.8213860988616943,0.1225190162658691,0.000000000000000
750,24576,500,1.508231878280640,0.2815711498260498,0.000000000000000
750,24576,750,2.179469108581543,0.4295868873596191,0.000000000000000
750,24576,1000,2.837311029434204,0.5694339275360107,0.000000000000000
750,24576,1500,4.185561895370483,0.8514399528503418,0.000000000000000
750,24576,2000,5.552905082702637,1.135010957717896,0.000000000000000
750,24576,2500,6.903280973434448,1.425771951675415,0.000000000000000
750,24576,3000,8.248538970947266,1.705659151077271,0.000000000000000
750,24576,3500,9.535084962844849,1.994473218917847,0.000000000000000
750,32768,100,0.5244989395141602,5.7367801666259766E-002,0.000000000000000
750,32768,250,1.055203914642334,0.1516599655151367,0.000000000000000
750,32768,500,1.933137893676758,0.3995800018310547,0.000000000000000
750,32768,750,2.833302974700928,0.5958809852600098,0.000000000000000
750,32768,1000,3.760915994644165,0.8051550388336182,0.000000000000000
750,32768,1500,5.558110952377319,1.184113025665283,0.000000000000000
750,32768,2000,7.354995012283325,1.606402158737183,0.000000000000000
750,32768,2500,9.089718818664551,1.966329813003540,0.000000000000000
750,32768,3000,10.88306093215942,2.366533041000366,0.000000000000000
750,32768,3500,12.69866204261780,2.787903070449829,0.000000000000000
750,40960,100,0.6805648803710938,7.8696012496948242E-002,0.000000000000000
750,40960,250,1.277287960052490,0.1938481330871582,0.000000000000000
750,40960,500,2.367630004882813,0.5033321380615234,0.000000000000000
750,40960,750,3.485095977783203,0.7307870388031006,0.000000000000000
750,40960,1000,4.636228084564209,1.194755077362061,0.000000000000000
750,40960,1500,6.844944953918457,1.438191175460815,0.000000000000000
750,40960,2000,9.088057994842529,1.903177976608276,0.000000000000000
750,40960,2500,11.39487004280090,2.380271911621094,0.000000000000000
750,40960,3000,13.65373396873474,3.376906871795654,0.000000000000000
750,40960,3500,15.81348919868469,3.339006900787354,0.000000000000000
750,49152,100,0.6627178192138672,0.1030240058898926,0.000000000000000
750,49152,250,1.503152847290039,0.2971158027648926,0.000000000000000
750,49152,500,2.843832969665527,0.6324310302734375,0.000000000000000
750,49152,750,4.200636863708496,1.208820819854736,0.000000000000000
750,49152,1000,5.586608886718750,1.272361040115356,0.000000000000000
750,49152,1500,8.226320028305054,2.167092084884644,0.000000000000000
750,49152,2000,10.88740491867065,2.363872051239014,0.000000000000000
750,49152,2500,13.57685804367065,2.948443889617920,0.000000000000000
750,49152,3000,16.28126382827759,3.517000913619995,0.000000000000000
750,49152,3500,19.03321790695190,4.783708095550537,0.000000000000000
750,57344,100,0.8131859302520752,0.1110219955444336,0.000000000000000
750,57344,250,1.749769926071167,0.3333511352539063,0.000000000000000
750,57344,500,3.272907972335815,0.7232301235198975,0.000000000000000
750,57344,750,4.870214939117432,1.074551105499268,0.000000000000000
750,57344,1000,6.425316095352173,1.385216951370239,0.000000000000000
750,57344,1500,9.542460918426514,2.079971075057983,0.000000000000000
750,57344,2000,12.75588178634644,2.772006034851074,0.000000000000000
750,57344,2500,15.82237505912781,3.432560920715332,0.000000000000000
750,57344,3000,18.96624183654785,4.124948978424072,0.000000000000000
750,57344,3500,22.10331201553345,4.809059858322144,0.000000000000000
750,65536,100,0.8525698184967041,0.1512300968170166,0.000000000000000
750,65536,250,1.984206914901733,0.4520161151885986,0.000000000000000
750,65536,500,3.756842851638794,0.8443839550018311,0.000000000000000
750,65536,750,5.513348102569580,1.237545967102051,0.000000000000000
750,65536,1000,7.304375171661377,1.618134021759033,0.000000000000000
750,65536,1500,10.89247894287109,2.401260852813721,0.000000000000000
750,65536,2000,14.48537802696228,3.173032999038696,0.000000000000000
750,65536,2500,18.06915807723999,3.959841012954712,0.000000000000000
750,65536,3000,21.65693187713623,4.744966983795166,0.000000000000000
750,65536,3500,25.25000500679016,5.545218944549561,0.000000000000000
750,73728,100,0.9450030326843262,0.1553120613098145,0.000000000000000
750,73728,250,2.153821945190430,0.5277268886566162,0.000000000000000
750,73728,500,4.173233985900879,0.9976768493652344,0.000000000000000
750,73728,750,6.191133975982666,1.450966835021973,0.000000000000000
750,73728,1000,8.209350109100342,1.884785175323486,0.000000000000000
750,73728,1500,12.24475097656250,2.768536090850830,0.000000000000000
750,73728,2000,16.28019618988037,3.646816968917847,0.000000000000000
750,73728,2500,20.32065105438232,4.553829908370972,0.000000000000000
750,73728,3000,24.35680818557739,5.418942928314209,0.000000000000000
750,73728,3500,28.39573192596436,6.306922912597656,0.000000000000000
750,81920,100,1.049240112304688,0.1733660697937012,0.000000000000000
750,81920,250,2.383000850677490,0.5702199935913086,0.000000000000000
750,81920,500,4.630078077316284,1.060986042022705,0.000000000000000
750,81920,750,6.872435092926025,1.537639856338501,0.000000000000000
750,81920,1000,9.159152030944824,2.027230978012085,0.000000000000000
750,81920,1500,13.59945702552795,2.992609024047852,0.000000000000000
750,81920,2000,18.14467000961304,4.435101032257080,0.000000000000000
750,81920,2500,22.55776286125183,4.906924962997437,0.000000000000000
750,81920,3000,27.04464197158813,5.893567085266113,0.000000000000000
750,81920,3500,31.52427506446838,6.845767021179199,0.000000000000000
1000,8192,100,0.1909530162811279,1.5145063400268555E-002,0.000000000000000
1000,8192,250,0.3521440029144287,3.5173177719116211E-002,0.000000000000000
1000,8192,500,0.5495851039886475,6.0638904571533203E-002,0.000000000000000
1000,8192,750,0.7959117889404297,0.1268050670623779,0.000000000000000
1000,8192,1000,1.026005983352661,0.1833629608154297,0.000000000000000
1000,8192,1500,1.445619821548462,0.2976210117340088,0.000000000000000
1000,8192,2000,1.937726020812988,0.4475817680358887,0.000000000000000
1000,8192,2500,2.339426040649414,0.5629811286926270,0.000000000000000
1000,8192,3000,2.787741899490356,0.6780109405517578,0.000000000000000
1000,8192,3500,3.288376092910767,0.8013758659362793,0.000000000000000
1000,16384,100,0.3266460895538330,3.3226013183593750E-002,0.000000000000000
1000,16384,250,0.5801029205322266,6.2504053115844727E-002,0.000000000000000
1000,16384,500,1.021550178527832,0.1915249824523926,0.000000000000000
1000,16384,750,1.494444131851196,0.3446381092071533,0.000000000000000
1000,16384,1000,1.895970821380615,0.4604430198669434,0.000000000000000
1000,16384,1500,2.816081047058105,0.7099030017852783,0.000000000000000
1000,16384,2000,3.713594913482666,0.9400839805603027,0.000000000000000
1000,16384,2500,4.581088066101074,1.186143159866333,0.000000000000000
1000,16384,3000,5.503732204437256,1.653459072113037,0.000000000000000
1000,16384,3500,6.367866039276123,1.651044845581055,0.000000000000000
1000,24576,100,0.4148440361022949,4.5715093612670898E-002,0.000000000000000
1000,24576,250,0.8338611125946045,0.1435129642486572,0.000000000000000
1000,24576,500,1.456008911132813,0.3636119365692139,0.000000000000000
1000,24576,750,2.184399127960205,0.5654699802398682,0.000000000000000
1000,24576,1000,2.802267074584961,0.7480089664459229,0.000000000000000
1000,24576,1500,4.173446893692017,1.110661983489990,0.000000000000000
1000,24576,2000,5.503880977630615,1.477677106857300,0.000000000000000
1000,24576,2500,6.812246084213257,1.848445892333984,0.000000000000000
1000,24576,3000,8.155509948730469,2.215915918350220,0.000000000000000
1000,24576,3500,9.500636100769043,2.583718776702881,0.000000000000000
1000,32768,100,0.5392031669616699,9.8956108093261719E-002,0.000000000000000
1000,32768,250,1.019814014434814,0.2048459053039551,0.000000000000000
1000,32768,500,1.913790941238403,0.5204300880432129,0.000000000000000
1000,32768,750,2.809597969055176,0.7898180484771729,0.000000000000000
1000,32768,1000,3.698307991027832,1.042052030563354,0.000000000000000
1000,32768,1500,5.541361093521118,1.548527956008911,0.000000000000000
1000,32768,2000,7.264996051788330,2.042001962661743,0.000000000000000
1000,32768,2500,9.052640914916992,2.575918912887573,0.000000000000000
1000,32768,3000,10.88249897956848,3.084896802902222,0.000000000000000
1000,32768,3500,12.67615985870361,3.600756168365479,0.000000000000000
1000,40960,100,0.5799448490142822,9.3181848526000977E-002,0.000000000000000
1000,40960,250,1.246028900146484,0.2697048187255859,0.000000000000000
1000,40960,500,2.411679029464722,0.6578438282012939,0.000000000000000
1000,40960,750,3.487524986267090,0.9594070911407471,0.000000000000000
1000,40960,1000,4.635887145996094,1.261852025985718,0.000000000000000
1000,40960,1500,6.853672981262207,1.875895977020264,0.000000000000000
1000,40960,2000,9.092880010604858,2.479779958724976,0.000000000000000
1000,40960,2500,11.33585095405579,3.097039937973022,0.000000000000000
1000,40960,3000,13.58238887786865,3.706635951995850,0.000000000000000
1000,40960,3500,15.75054192543030,4.316709995269775,0.000000000000000
1000,49152,100,0.7344579696655273,0.1270940303802490,0.000000000000000
1000,49152,250,1.481081962585449,0.3825991153717041,0.000000000000000
1000,49152,500,2.813282012939453,0.8228878974914551,0.000000000000000
1000,49152,750,4.153648853302002,1.202138900756836,0.000000000000000
1000,49152,1000,5.486593961715698,1.580552101135254,0.000000000000000
1000,49152,1500,8.163540840148926,2.325354099273682,0.000000000000000
1000,49152,2000,10.84361886978149,3.074177026748657,0.000000000000000
1000,49152,2500,13.52825999259949,3.829317092895508,0.000000000000000
1000,49152,3000,16.19666910171509,4.562354087829590,0.000000000000000
1000,49152,3500,18.87798190116882,5.307374954223633,0.000000000000000
1000,57344,100,0.7651388645172119,0.1503548622131348,0.000000000000000
1000,57344,250,1.768455982208252,0.4838120937347412,0.000000000000000
1000,57344,500,3.277195930480957,0.9377419948577881,0.000000000000000
1000,57344,750,4.844618082046509,1.382004022598267,0.000000000000000
1000,57344,1000,6.417700052261353,1.836017847061157,0.000000000000000
1000,57344,1500,9.548115968704224,2.710041046142578,0.000000000000000
1000,57344,2000,12.63546705245972,3.609805107116699,0.000000000000000
1000,57344,2500,15.76028919219971,4.499140977859497,0.000000000000000
1000,57344,3000,18.88136696815491,5.402283906936646,0.000000000000000
1000,57344,3500,22.09864282608032,6.286313056945801,0.000000000000000
1000,65536,100,0.8645720481872559,0.2010431289672852,0.000000000000000
1000,65536,250,1.943833112716675,0.5722720623016357,0.000000000000000
1000,65536,500,3.718993902206421,1.110730886459351,0.000000000000000
1000,65536,750,5.500943183898926,1.629546165466309,0.000000000000000
1000,65536,1000,7.345672130584717,2.127904891967773,0.000000000000000
1000,65536,1500,10.85825395584106,3.146292924880981,0.000000000000000
1000,65536,2000,14.43404197692871,4.194685935974121,0.000000000000000
1000,65536,2500,17.99467492103577,5.182062149047852,0.000000000000000
1000,65536,3000,21.56209111213684,6.215298891067505,0.000000000000000
1000,65536,3500,25.24049806594849,7.254253149032593,0.000000000000000
1000,73728,100,0.9654011726379395,0.2133121490478516,0.000000000000000
1000,73728,250,2.166319847106934,0.6948089599609375,0.000000000000000
1000,73728,500,4.192532062530518,1.295504808425903,0.000000000000000
1000,73728,750,6.207368135452271,1.888637065887451,0.000000000000000
1000,73728,1000,8.216300010681152,2.461071014404297,0.000000000000000
1000,73728,1500,12.25028181076050,3.595072984695435,0.000000000000000
1000,73728,2000,16.21463108062744,4.750294923782349,0.000000000000000
1000,73728,2500,20.22922301292419,5.892207145690918,0.000000000000000
1000,73728,3000,24.35242509841919,7.034129858016968,0.000000000000000
1000,73728,3500,28.26563096046448,8.165683984756470,0.000000000000000
1000,81920,100,1.054323911666870,0.2803080081939697,0.000000000000000
1000,81920,250,2.395092010498047,0.7527101039886475,0.000000000000000
1000,81920,500,4.634553909301758,1.377289056777954,0.000000000000000
1000,81920,750,6.941570997238159,2.010804891586304,0.000000000000000
1000,81920,1000,9.125797033309937,2.654429912567139,0.000000000000000
1000,81920,1500,13.60598397254944,3.900729894638062,0.000000000000000
1000,81920,2000,18.07514405250549,5.124507188796997,0.000000000000000
1000,81920,2500,22.54756808280945,6.395898103713989,0.000000000000000
1000,81920,3000,27.02448201179504,7.658278226852417,0.000000000000000
1000,81920,3500,31.49639201164246,8.901571989059448,0.000000000000000
1500,8192,100,0.2352240085601807,3.3807992935180664E-002,0.000000000000000
1500,8192,250,0.3763649463653564,5.1601886749267578E-002,0.000000000000000
1500,8192,500,0.6049611568450928,0.1024899482727051,0.000000000000000
1500,8192,750,0.8111529350280762,0.1912138462066650,0.000000000000000
1500,8192,1000,1.016389131546021,0.2788298130035400,0.000000000000000
1500,8192,1500,1.477206945419312,0.4865927696228027,0.000000000000000
1500,8192,2000,1.934359073638916,0.6504728794097900,0.000000000000000
1500,8192,2500,2.389413833618164,0.8262341022491455,0.000000000000000
1500,8192,3000,2.846247911453247,0.9938681125640869,0.000000000000000
1500,8192,3500,3.302664041519165,1.170864105224609,0.000000000000000
1500,16384,100,0.3133330345153809,5.7908058166503906E-002,0.000000000000000
1500,16384,250,0.5744519233703613,0.1076710224151611,0.000000000000000
1500,16384,500,1.033059120178223,0.2931981086730957,0.000000000000000
1500,16384,750,1.531545877456665,0.5012300014495850,0.000000000000000
1500,16384,1000,1.983649969100952,0.6907749176025391,0.000000000000000
1500,16384,1500,2.864367961883545,1.043081998825073,0.000000000000000
1500,16384,2000,3.789081096649170,1.379258155822754,0.000000000000000
1500,16384,2500,4.679198026657104,1.733915090560913,0.000000000000000
1500,16384,3000,5.572566986083984,2.069036006927490,0.000000000000000
1500,16384,3500,6.488147974014282,2.426954030990601,0.000000000000000
1500,24576,100,0.3950200080871582,6.6322088241577148E-002,0.000000000000000
1500,24576,250,0.8041679859161377,0.2204949855804443,0.000000000000000
1500,24576,500,1.485407114028931,0.5232260227203369,0.000000000000000
1500,24576,750,2.209718942642212,0.8312690258026123,0.000000000000000
1500,24576,1000,2.850250005722046,1.097317934036255,0.000000000000000
1500,24576,1500,4.214287996292114,1.627272129058838,0.000000000000000
1500,24576,2000,5.620894908905029,2.168874979019165,0.000000000000000
1500,24576,2500,7.004505157470703,2.703801870346069,0.000000000000000
1500,24576,3000,8.341651916503906,3.255993843078613,0.000000000000000
1500,24576,3500,9.665722131729126,3.772061109542847,0.000000000000000
1500,32768,100,0.5223698616027832,0.1168010234832764,0.000000000000000
1500,32768,250,1.040783166885376,0.3230519294738770,0.000000000000000
1500,32768,500,1.948855876922607,0.7861030101776123,0.000000000000000
1500,32768,750,2.856451988220215,1.174585103988647,0.000000000000000
1500,32768,1000,3.786658048629761,1.549577951431274,0.000000000000000
1500,32768,1500,5.593347072601318,2.284156084060669,0.000000000000000
1500,32768,2000,7.400615930557251,3.071067094802856,0.000000000000000
1500,32768,2500,9.215651988983154,3.808228969573975,0.000000000000000
1500,32768,3000,11.03244805335999,4.547060012817383,0.000000000000000
1500,32768,3500,12.85202312469482,5.306737184524536,0.000000000000000
1500,40960,100,0.5952539443969727,0.1478259563446045,0.000000000000000
1500,40960,250,1.281225919723511,0.4538450241088867,0.000000000000000
1500,40960,500,2.410651922225952,0.9794621467590332,0.000000000000000
1500,40960,750,3.547422885894775,1.421486139297485,0.000000000000000
1500,40960,1000,4.749848127365112,1.873399972915649,0.000000000000000
1500,40960,1500,6.957247018814087,2.761976957321167,0.000000000000000
1500,40960,2000,9.225602149963379,3.659208059310913,0.000000000000000
1500,40960,2500,11.49268293380737,4.555743217468262,0.000000000000000
1500,40960,3000,13.76229596138000,5.450933933258057,0.000000000000000
1500,40960,3500,16.03154706954956,6.349659919738770,0.000000000000000
1500,49152,100,0.6974298954010010,0.1911978721618652,0.000000000000000
1500,49152,250,1.513729810714722,0.5572831630706787,0.000000000000000
1500,49152,500,2.895785093307495,1.207133054733276,0.000000000000000
1500,49152,750,4.275020122528076,1.760565996170044,0.000000000000000
1500,49152,1000,5.598567008972168,2.307662010192871,0.000000000000000
1500,49152,1500,8.324948072433472,3.401297092437744,0.000000000000000
1500,49152,2000,11.04260110855103,4.492772102355957,0.000000000000000
1500,49152,2500,13.76758790016174,5.585489034652710,0.000000000000000
1500,49152,3000,16.48830699920654,6.675119876861572,0.000000000000000
1500,49152,3500,19.21598291397095,7.770744800567627,0.000000000000000
1500,57344,100,0.7968070507049561,0.2273330688476563,0.000000000000000
1500,57344,250,1.749399185180664,0.6940579414367676,0.000000000000000
1500,57344,500,3.341210126876831,1.407926082611084,0.000000000000000
1500,57344,750,4.934412956237793,2.062622070312500,0.000000000000000
1500,57344,1000,6.508986949920654,2.707650184631348,0.000000000000000
1500,57344,1500,9.685708999633789,4.016426086425781,0.000000000000000
1500,57344,2000,12.86452412605286,5.334064006805420,0.000000000000000
1500,57344,2500,16.04242801666260,6.628370046615601,0.000000000000000
1500,57344,3000,19.21705985069275,7.962735891342163,0.000000000000000
1500,57344,3500,22.39175581932068,9.248787879943848,0.000000000000000
1500,65536,100,0.9335119724273682,0.3070209026336670,0.000000000000000
1500,65536,250,1.983887910842896,0.8697330951690674,0.000000000000000
1500,65536,500,3.803300142288208,1.648154020309448,0.000000000000000
1500,65536,750,5.617175102233887,2.415508031845093,0.000000000000000
1500,65536,1000,7.422976970672607,3.138700962066650,0.000000000000000
1500,65536,1500,11.06375193595886,4.639796972274780,0.000000000000000
1500,65536,2000,14.68750405311584,6.146123886108398,0.000000000000000
1500,65536,2500,18.32521414756775,7.662609815597534,0.000000000000000
1500,65536,3000,21.95586681365967,9.156889915466309,0.000000000000000
1500,65536,3500,25.57190990447998,10.65953111648560,0.000000000000000
1500,73728,100,1.077620029449463,0.4496619701385498,0.000000000000000
1500,73728,250,2.217627048492432,1.037488937377930,0.000000000000000
1500,73728,500,4.259159088134766,1.911853075027466,0.000000000000000
1500,73728,750,6.307511806488037,2.765177011489868,0.000000000000000
1500,73728,1000,8.349601984024048,3.591183900833130,0.000000000000000
1500,73728,1500,12.42556285858154,5.267341852188110,0.000000000000000
1500,73728,2000,16.50927901268005,6.952243804931641,0.000000000000000
1500,73728,2500,20.59477710723877,8.635414123535156,0.000000000000000
1500,73728,3000,24.67321419715881,10.32548809051514,0.000000000000000
1500,73728,3500,28.77545809745789,11.97557115554810,0.000000000000000
1500,81920,100,1.094229936599731,0.4026701450347900,0.000000000000000
1500,81920,250,2.454225063323975,1.115581989288330,0.000000000000000
1500,81920,500,4.724347829818726,2.045550107955933,0.000000000000000
1500,81920,750,6.989990949630737,2.973461151123047,0.000000000000000
1500,81920,1000,9.257141113281250,3.902337074279785,0.000000000000000
1500,81920,1500,13.78911685943604,5.734513044357300,0.000000000000000
1500,81920,2000,18.34103894233704,7.569538116455078,0.000000000000000
1500,81920,2500,22.94334411621094,9.983444929122925,0.000000000000000
1500,81920,3000,27.44868612289429,11.26690411567688,0.000000000000000
1500,81920,3500,31.99305200576782,13.10327887535095,0.000000000000000
2000,8192,100,0.2425680160522461,4.1834831237792969E-002,0.000000000000000
2000,8192,250,0.3806791305541992,6.8830966949462891E-002,0.000000000000000
2000,8192,500,0.6030340194702148,0.1573860645294189,0.000000000000000
2000,8192,750,0.8243410587310791,0.2601699829101563,0.000000000000000
2000,8192,1000,1.049071073532104,0.3733019828796387,0.000000000000000
2000,8192,1500,1.520208835601807,0.6773710250854492,0.000000000000000
2000,8192,2000,1.915133953094482,0.8493390083312988,0.000000000000000
2000,8192,2500,2.419988870620728,1.087138891220093,0.000000000000000
2000,8192,3000,2.815001010894775,1.301831960678101,0.000000000000000
2000,8192,3500,3.266036987304688,1.531517028808594,0.000000000000000
2000,16384,100,0.3539531230926514,5.8089971542358398E-002,0.000000000000000
2000,16384,250,0.5662109851837158,0.1644849777221680,0.000000000000000
2000,16384,500,1.020234107971191,0.3963329792022705,0.000000000000000
2000,16384,750,1.464971065521240,0.6575889587402344,0.000000000000000
2000,16384,1000,1.968358039855957,0.9291610717773438,0.000000000000000
2000,16384,1500,2.821791172027588,1.379857063293457,0.000000000000000
2000,16384,2000,3.715795040130615,1.825326919555664,0.000000000000000
2000,16384,2500,4.628232002258301,2.282744884490967,0.000000000000000
2000,16384,3000,5.512004852294922,2.734111785888672,0.000000000000000
2000,16384,3500,6.416290998458862,3.196614027023315,0.000000000000000
2000,24576,100,0.3996820449829102,8.7920904159545898E-002,0.000000000000000
2000,24576,250,0.8662841320037842,0.2971730232238770,0.000000000000000
2000,24576,500,1.491991996765137,0.6835129261016846,0.000000000000000
2000,24576,750,2.151863098144531,1.090125799179077,0.000000000000000
2000,24576,1000,2.823806047439575,1.437730073928833,0.000000000000000
2000,24576,1500,4.169308185577393,2.145995855331421,0.000000000000000
2000,24576,2000,5.514919996261597,2.838896989822388,0.000000000000000
2000,24576,2500,6.861809968948364,3.552545070648193,0.000000000000000
2000,24576,3000,8.274239063262939,4.260251998901367,0.000000000000000
2000,24576,3500,9.618263006210327,4.953587055206299,0.000000000000000
2000,32768,100,0.5039958953857422,0.1597912311553955,0.000000000000000
2000,32768,250,1.047142982482910,0.4323859214782715,0.000000000000000
2000,32768,500,1.935858011245728,1.013477802276611,0.000000000000000
2000,32768,750,2.832929849624634,1.557422876358032,0.000000000000000
2000,32768,1000,3.732718944549561,2.045241117477417,0.000000000000000
2000,32768,1500,5.523455858230591,3.033366918563843,0.000000000000000
2000,32768,2000,7.315422058105469,4.038436889648438,0.000000000000000
2000,32768,2500,9.115306854248047,5.015162944793701,0.000000000000000
2000,32768,3000,10.90219712257385,5.993440866470337,0.000000000000000
2000,32768,3500,12.70489287376404,6.989556074142456,0.000000000000000
2000,40960,100,0.6081018447875977,0.2006981372833252,0.000000000000000
2000,40960,250,1.339230060577393,0.5848870277404785,0.000000000000000
2000,40960,500,2.399259090423584,1.276193857192993,0.000000000000000
2000,40960,750,3.515037059783936,1.857650995254517,0.000000000000000
2000,40960,1000,4.639474153518677,2.453895092010498,0.000000000000000
2000,40960,1500,6.951771974563599,3.616376876831055,0.000000000000000
2000,40960,2000,9.120910882949829,4.785628795623779,0.000000000000000
2000,40960,2500,11.44050693511963,5.963339805603027,0.000000000000000
2000,40960,3000,13.60278892517090,7.146498918533325,0.000000000000000
2000,40960,3500,15.83355116844177,8.319248914718628,0.000000000000000
2000,49152,100,0.7074759006500244,0.2584359645843506,0.000000000000000
2000,49152,250,1.515115022659302,0.7889339923858643,0.000000000000000
2000,49152,500,2.856756925582886,1.599371910095215,0.000000000000000
2000,49152,750,4.199956893920898,2.321686029434204,0.000000000000000
2000,49152,1000,5.594401121139526,3.277357101440430,0.000000000000000
2000,49152,1500,8.231931924819946,4.475940227508545,0.000000000000000
2000,49152,2000,10.91713190078735,5.923058986663818,0.000000000000000
2000,49152,2500,13.60144805908203,7.349013090133667,0.000000000000000
2000,49152,3000,16.29176998138428,8.776928901672363,0.000000000000000
2000,49152,3500,18.97780799865723,10.20822000503540,0.000000000000000
2000,57344,100,0.8098402023315430,0.3132250308990479,0.000000000000000
2000,57344,250,1.748588085174561,0.9566090106964111,0.000000000000000
2000,57344,500,3.319519042968750,1.864210128784180,0.000000000000000
2000,57344,750,4.883301019668579,2.730567932128906,0.000000000000000
2000,57344,1000,6.451888084411621,3.587425947189331,0.000000000000000
2000,57344,1500,9.586035966873169,5.310444116592407,0.000000000000000
2000,57344,2000,12.72876691818237,7.050310134887695,0.000000000000000
2000,57344,2500,15.84705591201782,8.746596097946167,0.000000000000000
2000,57344,3000,18.98402214050293,10.47360920906067,0.000000000000000
2000,57344,3500,22.12280392646790,12.18962121009827,0.000000000000000
2000,65536,100,0.9240357875823975,0.4073789119720459,0.000000000000000
2000,65536,250,2.005570173263550,1.167286157608032,0.000000000000000
2000,65536,500,3.769859075546265,2.169971942901611,0.000000000000000
2000,65536,750,5.564404964447021,3.170318841934204,0.000000000000000
2000,65536,1000,7.351012945175171,4.154394149780273,0.000000000000000
2000,65536,1500,10.93280696868896,6.145617008209229,0.000000000000000
2000,65536,2000,14.51545405387878,8.113612890243530,0.000000000000000
2000,65536,2500,18.09751296043396,10.12522292137146,0.000000000000000
2000,65536,3000,21.68251180648804,12.10083508491516,0.000000000000000
2000,65536,3500,25.27071309089661,14.09110403060913,0.000000000000000
2000,73728,100,1.011799097061157,0.4293320178985596,0.000000000000000
2000,73728,250,2.223754882812500,1.373896121978760,0.000000000000000
2000,73728,500,4.231562137603760,2.490008115768433,0.000000000000000
2000,73728,750,6.245771884918213,3.615335941314697,0.000000000000000
2000,73728,1000,8.262697935104370,4.721256971359253,0.000000000000000
2000,73728,1500,12.28686094284058,6.902014970779419,0.000000000000000
2000,73728,2000,16.31045007705688,9.106070041656494,0.000000000000000
2000,73728,2500,20.36015510559082,11.33239078521729,0.000000000000000
2000,73728,3000,24.37412810325623,13.51425409317017,0.000000000000000
2000,73728,3500,28.40490388870239,15.68238997459412,0.000000000000000
2000,81920,100,1.110885858535767,0.5199730396270752,0.000000000000000
2000,81920,250,2.454730033874512,1.488884925842285,0.000000000000000
2000,81920,500,4.741118907928467,2.687577962875366,0.000000000000000
2000,81920,750,6.932662010192871,3.908259153366089,0.000000000000000
2000,81920,1000,9.179179191589355,5.108604192733765,0.000000000000000
2000,81920,1500,13.68609905242920,7.526882886886597,0.000000000000000
2000,81920,2000,18.13030910491943,9.887804031372070,0.000000000000000
2000,81920,2500,22.59415698051453,12.34493207931519,0.000000000000000
2000,81920,3000,27.08434391021729,14.74941611289978,0.000000000000000
2000,81920,3500,31.52350306510925,17.18588519096375,0.000000000000000
2500,8192,100,0.2374951839447021,4.8384904861450195E-002,0.000000000000000
2500,8192,250,0.3397481441497803,6.8907022476196289E-002,0.000000000000000
2500,8192,500,0.6190137863159180,0.1832458972930908,0.000000000000000
2500,8192,750,0.8019659519195557,0.3274829387664795,0.000000000000000
2500,8192,1000,1.057322978973389,0.4679930210113525,0.000000000000000
2500,8192,1500,1.498023986816406,0.7823739051818848,0.000000000000000
2500,8192,2000,2.012809991836548,1.082132101058960,0.000000000000000
2500,8192,2500,2.476174831390381,1.351401090621948,0.000000000000000
2500,8192,3000,2.936781167984009,1.618393898010254,0.000000000000000
2500,8192,3500,3.379688978195190,1.906016826629639,0.000000000000000
2500,16384,100,0.3322041034698486,7.2753906250000000E-002,0.000000000000000
2500,16384,250,0.6439061164855957,0.2100031375885010,0.000000000000000
2500,16384,500,1.046395063400269,0.4973139762878418,0.000000000000000
2500,16384,750,1.538337945938110,0.8193981647491455,0.000000000000000
2500,16384,1000,2.018590927124023,1.145943880081177,0.000000000000000
2500,16384,1500,2.888288974761963,1.718248128890991,0.000000000000000
2500,16384,2000,3.823486804962158,2.272644042968750,0.000000000000000
2500,16384,2500,4.763149976730347,2.857043981552124,0.000000000000000
2500,16384,3000,5.652776002883911,3.402366876602173,0.000000000000000
2500,16384,3500,6.573815107345581,3.975935220718384,0.000000000000000
2500,24576,100,0.4464778900146484,0.1109271049499512,0.000000000000000
2500,24576,250,0.8555848598480225,0.3744351863861084,0.000000000000000
2500,24576,500,1.529940843582153,0.8450951576232910,0.000000000000000
2500,24576,750,2.196581840515137,1.363676071166992,0.000000000000000
2500,24576,1000,2.947494029998779,1.798444986343384,0.000000000000000
2500,24576,1500,4.294806003570557,2.656966924667358,0.000000000000000
2500,24576,2000,5.677681922912598,3.536683082580566,0.000000000000000
2500,24576,2500,7.036782026290894,4.403715133666992,0.000000000000000
2500,24576,3000,8.413350105285645,5.287837028503418,0.000000000000000
2500,24576,3500,9.787637948989868,6.152051925659180,0.000000000000000
2500,32768,100,0.5211219787597656,0.1992440223693848,0.000000000000000
2500,32768,250,1.071196794509888,0.5459890365600586,0.000000000000000
2500,32768,500,1.993596076965332,1.302822113037109,0.000000000000000
2500,32768,750,2.896045923233032,1.935753107070923,0.000000000000000
2500,32768,1000,3.811959028244019,2.559077024459839,0.000000000000000
2500,32768,1500,5.630109071731567,3.798048019409180,0.000000000000000
2500,32768,2000,7.574306011199951,4.985949993133545,0.000000000000000
2500,32768,2500,9.348088979721069,6.258078098297119,0.000000000000000
2500,32768,3000,11.17649984359741,7.482648134231567,0.000000000000000
2500,32768,3500,12.92742586135864,8.712779045104980,0.000000000000000
2500,40960,100,0.6296851634979248,0.2585959434509277,0.000000000000000
2500,40960,250,1.313446044921875,0.7297279834747314,0.000000000000000
2500,40960,500,2.450208187103271,1.603189945220947,0.000000000000000
2500,40960,750,3.591320037841797,2.336310863494873,0.000000000000000
2500,40960,1000,4.733414888381958,3.070962905883789,0.000000000000000
2500,40960,1500,7.067455053329468,4.535532951354980,0.000000000000000
2500,40960,2000,9.348508119583130,5.972612142562866,0.000000000000000
2500,40960,2500,11.57029294967651,7.449656009674072,0.000000000000000
2500,40960,3000,13.84850597381592,8.919019937515259,0.000000000000000
2500,40960,3500,16.23544907569885,10.36896705627441,0.000000000000000
2500,49152,100,0.7380628585815430,0.3265011310577393,0.000000000000000
2500,49152,250,1.561536073684692,0.9642131328582764,0.000000000000000
2500,49152,500,2.919178962707520,1.978838920593262,0.000000000000000
2500,49152,750,4.292921066284180,2.878926038742065,0.000000000000000
2500,49152,1000,5.668137788772583,3.772763013839722,0.000000000000000
2500,49152,1500,8.386365175247192,5.557223081588745,0.000000000000000
2500,49152,2000,11.12163114547729,7.332530021667480,0.000000000000000
2500,49152,2500,13.95942997932434,9.137988805770874,0.000000000000000
2500,49152,3000,16.51849794387817,10.90597510337830,0.000000000000000
2500,49152,3500,19.45562505722046,12.66541814804077,0.000000000000000
2500,57344,100,0.8419578075408936,0.3938121795654297,0.000000000000000
2500,57344,250,1.791220903396606,1.264991998672485,0.000000000000000
2500,57344,500,3.384216785430908,2.330744981765747,0.000000000000000
2500,57344,750,4.976976156234741,3.413825988769531,0.000000000000000
2500,57344,1000,6.572720050811768,4.481543064117432,0.000000000000000
2500,57344,1500,9.830147981643677,6.622972965240479,0.000000000000000
2500,57344,2000,12.95432686805725,8.761468172073364,0.000000000000000
2500,57344,2500,16.14771294593811,10.89072513580322,0.000000000000000
2500,57344,3000,19.33838510513306,13.04825186729431,0.000000000000000
2500,57344,3500,22.68798398971558,15.18739795684814,0.000000000000000
2500,65536,100,1.022053003311157,0.5093309879302979,0.000000000000000
2500,65536,250,2.055298089981079,1.483898162841797,0.000000000000000
2500,65536,500,3.884898900985718,2.718698024749756,0.000000000000000
2500,65536,750,5.722344160079956,3.964663982391357,0.000000000000000
2500,65536,1000,7.503697872161865,5.195757150650024,0.000000000000000
2500,65536,1500,11.15007805824280,7.656424045562744,0.000000000000000
2500,65536,2000,14.79325413703918,10.12918686866760,0.000000000000000
2500,65536,2500,18.42311215400696,12.58036804199219,0.000000000000000
2500,65536,3000,22.12112808227539,15.62243700027466,0.000000000000000
2500,65536,3500,25.98299288749695,17.52851319313049,0.000000000000000
2500,73728,100,1.066413164138794,0.5574729442596436,0.000000000000000
2500,73728,250,2.288753032684326,1.705536127090454,0.000000000000000
2500,73728,500,4.370449781417847,3.114253044128418,0.000000000000000
2500,73728,750,6.399657964706421,4.503097057342529,0.000000000000000
2500,73728,1000,8.451155900955200,5.913676977157593,0.000000000000000
2500,73728,1500,12.56637501716614,8.639090061187744,0.000000000000000
2500,73728,2000,16.77554202079773,11.36535501480103,0.000000000000000
2500,73728,2500,20.77218389511108,14.10267591476440,0.000000000000000
2500,73728,3000,24.88579392433167,16.89655590057373,0.000000000000000
2500,73728,3500,29.02013015747070,19.59827589988708,0.000000000000000
2500,81920,100,1.161105871200562,0.6555850505828857,0.000000000000000
2500,81920,250,2.525696039199829,1.858452081680298,0.000000000000000
2500,81920,500,4.812941074371338,3.370960950851440,0.000000000000000
2500,81920,750,7.145895957946777,4.884742021560669,0.000000000000000
2500,81920,1000,9.440162897109985,6.378528118133545,0.000000000000000
2500,81920,1500,13.94997906684875,9.408112049102783,0.000000000000000
2500,81920,2000,18.64719390869141,12.39597105979919,0.000000000000000
2500,81920,2500,23.04348611831665,15.40736484527588,0.000000000000000
2500,81920,3000,27.81813001632690,18.42514705657959,0.000000000000000
2500,81920,3500,32.17719697952271,21.44349598884583,0.000000000000000
3000,8192,100,0.2482521533966064,4.3420076370239258E-002,0.000000000000000
3000,8192,250,0.3676769733428955,8.4352970123291016E-002,0.000000000000000
3000,8192,500,0.6075508594512939,0.2399611473083496,0.000000000000000
3000,8192,750,0.8506121635437012,0.3963489532470703,0.000000000000000
3000,8192,1000,1.048365831375122,0.5645029544830322,0.000000000000000
3000,8192,1500,1.538213968276978,0.9289109706878662,0.000000000000000
3000,8192,2000,1.982496023178101,1.290710926055908,0.000000000000000
3000,8192,2500,2.440403938293457,1.614155054092407,0.000000000000000
3000,8192,3000,2.914066076278687,1.936028003692627,0.000000000000000
3000,8192,3500,3.373255014419556,2.273087024688721,0.000000000000000
3000,16384,100,0.3152801990509033,8.4567070007324219E-002,0.000000000000000
3000,16384,250,0.6460890769958496,0.2586390972137451,0.000000000000000
3000,16384,500,1.055132865905762,0.6024889945983887,0.000000000000000
3000,16384,750,1.575649023056030,1.074634075164795,0.000000000000000
3000,16384,1000,1.984872102737427,1.378816843032837,0.000000000000000
3000,16384,1500,2.911973953247070,2.054883956909180,0.000000000000000
3000,16384,2000,3.880498886108398,2.715723991394043,0.000000000000000
3000,16384,2500,4.757794141769409,3.401400089263916,0.000000000000000
3000,16384,3000,5.686372995376587,4.066802978515625,0.000000000000000
3000,16384,3500,6.606096982955933,4.740890026092529,0.000000000000000
3000,24576,100,0.4254069328308105,0.1311488151550293,0.000000000000000
3000,24576,250,0.8469479084014893,0.4537868499755859,0.000000000000000
3000,24576,500,1.560277938842773,1.001200914382935,0.000000000000000
3000,24576,750,2.276722192764282,1.625266075134277,0.000000000000000
3000,24576,1000,2.924447059631348,2.152124166488647,0.000000000000000
3000,24576,1500,4.304406881332397,3.182614088058472,0.000000000000000
3000,24576,2000,5.693565845489502,4.224734067916870,0.000000000000000
3000,24576,2500,7.078268051147461,5.263058900833130,0.000000000000000
3000,24576,3000,8.454756975173950,6.333384037017822,0.000000000000000
3000,24576,3500,9.848254919052124,7.358355045318604,0.000000000000000
3000,32768,100,0.5372219085693359,0.2417809963226318,0.000000000000000
3000,32768,250,1.090412855148315,0.7122862339019775,0.000000000000000
3000,32768,500,2.013238906860352,1.546372175216675,0.000000000000000
3000,32768,750,2.929574012756348,2.323745012283325,0.000000000000000
3000,32768,1000,3.855966091156006,3.058701038360596,0.000000000000000
3000,32768,1500,5.698043107986450,4.533069849014282,0.000000000000000
3000,32768,2000,7.542767047882080,5.965752124786377,0.000000000000000
3000,32768,2500,9.396255970001221,7.492148876190186,0.000000000000000
3000,32768,3000,11.22780394554138,8.916538953781128,0.000000000000000
3000,32768,3500,13.07526993751526,10.40937089920044,0.000000000000000
3000,40960,100,0.6458120346069336,0.3074948787689209,0.000000000000000
3000,40960,250,1.341775894165039,0.8778011798858643,0.000000000000000
3000,40960,500,2.486999988555908,1.917597055435181,0.000000000000000
3000,40960,750,3.640974998474121,2.792504072189331,0.000000000000000
3000,40960,1000,4.797973871231079,3.656878948211670,0.000000000000000
3000,40960,1500,7.101782083511353,5.424489974975586,0.000000000000000
3000,40960,2000,9.401054859161377,7.129322052001953,0.000000000000000
3000,40960,2500,11.70787620544434,8.894416093826294,0.000000000000000
3000,40960,3000,14.00757813453674,10.64223980903625,0.000000000000000
3000,40960,3500,16.31866002082825,12.38931298255920,0.000000000000000
3000,49152,100,0.8398280143737793,0.4378252029418945,0.000000000000000
3000,49152,250,1.586122989654541,1.190412998199463,0.000000000000000
3000,49152,500,2.968106985092163,2.369904041290283,0.000000000000000
3000,49152,750,4.346036911010742,3.433018922805786,0.000000000000000
3000,49152,1000,5.725708961486816,4.505042076110840,0.000000000000000
3000,49152,1500,8.428162097930908,6.630657911300659,0.000000000000000
3000,49152,2000,11.17546296119690,8.757317066192627,0.000000000000000
3000,49152,2500,14.02343392372131,10.90082192420959,0.000000000000000
3000,49152,3000,16.81111383438110,13.04017376899719,0.000000000000000
3000,49152,3500,19.57945203781128,15.15623283386230,0.000000000000000
3000,57344,100,0.8710970878601074,0.4767439365386963,0.000000000000000
3000,57344,250,1.832740068435669,1.430392026901245,0.000000000000000
3000,57344,500,3.443564891815186,2.807332992553711,0.000000000000000
3000,57344,750,5.023489952087402,4.095349073410034,0.000000000000000
3000,57344,1000,6.664729833602905,5.358981132507324,0.000000000000000
3000,57344,1500,9.919200897216797,7.937769889831543,0.000000000000000
3000,57344,2000,13.11922597885132,10.48378205299377,0.000000000000000
3000,57344,2500,16.33355808258057,13.02117896080017,0.000000000000000
3000,57344,3000,19.58655500411987,15.59044003486633,0.000000000000000
3000,57344,3500,22.80907988548279,18.17172598838806,0.000000000000000
3000,65536,100,0.9806740283966064,0.6289930343627930,0.000000000000000
3000,65536,250,2.080627202987671,1.726052045822144,0.000000000000000
3000,65536,500,3.917688846588135,3.264787912368774,0.000000000000000
3000,65536,750,5.755951881408691,4.755334138870239,0.000000000000000
3000,65536,1000,7.592070817947388,6.218862056732178,0.000000000000000
3000,65536,1500,11.18693709373474,9.160025119781494,0.000000000000000
3000,65536,2000,14.94795012474060,12.12071800231934,0.000000000000000
3000,65536,2500,18.63695788383484,15.05423879623413,0.000000000000000
3000,65536,3000,22.35294795036316,18.01461195945740,0.000000000000000
3000,65536,3500,25.89160704612732,20.96412110328674,0.000000000000000
3000,73728,100,1.090296983718872,0.6938021183013916,0.000000000000000
3000,73728,250,2.326087951660156,2.056168079376221,0.000000000000000
3000,73728,500,4.403623104095459,3.713897943496704,0.000000000000000
3000,73728,750,6.474489927291870,5.381735801696777,0.000000000000000
3000,73728,1000,8.540610074996948,6.998829126358032,0.000000000000000
3000,73728,1500,12.58256888389587,10.27633309364319,0.000000000000000
3000,73728,2000,16.83071708679199,13.49775004386902,0.000000000000000
3000,73728,2500,20.85266089439392,16.82813596725464,0.000000000000000
3000,73728,3000,25.22064900398254,20.13937807083130,0.000000000000000
3000,73728,3500,29.36797189712524,23.33396291732788,0.000000000000000
3000,81920,100,1.202839851379395,0.7762141227722168,0.000000000000000
3000,81920,250,2.583166122436523,2.235754013061523,0.000000000000000
3000,81920,500,4.894641876220703,4.035618066787720,0.000000000000000
3000,81920,750,7.202185153961182,5.843515157699585,0.000000000000000
3000,81920,1000,9.458210945129395,7.656280994415283,0.000000000000000
3000,81920,1500,14.09335279464722,11.23726391792297,0.000000000000000
3000,81920,2000,18.71633410453796,14.80045199394226,0.000000000000000
3000,81920,2500,23.29077506065369,18.41240096092224,0.000000000000000
3000,81920,3000,27.93058609962463,22.02281403541565,0.000000000000000
3000,81920,3500,32.49894499778748,25.61907315254211,0.000000000000000
3500,8192,100,0.2152078151702881,4.9739122390747070E-002,0.000000000000000
3500,8192,250,0.4075341224670410,0.1004309654235840,0.000000000000000
3500,8192,500,0.6323680877685547,0.2663068771362305,0.000000000000000
3500,8192,750,0.8486030101776123,0.4671049118041992,0.000000000000000
3500,8192,1000,1.124722957611084,0.6944341659545898,0.000000000000000
3500,8192,1500,1.589823961257935,1.079950094223022,0.000000000000000
3500,8192,2000,2.058271884918213,1.500005960464478,0.000000000000000
3500,8192,2500,2.484575986862183,1.877099990844727,0.000000000000000
3500,8192,3000,3.011358022689819,2.255414962768555,0.000000000000000
3500,8192,3500,3.476839065551758,2.646585941314697,0.000000000000000
3500,16384,100,0.3813328742980957,0.1002860069274902,0.000000000000000
3500,16384,250,0.6668250560760498,0.3031408786773682,0.000000000000000
3500,16384,500,1.091799020767212,0.7040071487426758,0.000000000000000
3500,16384,750,1.548357963562012,1.189181089401245,0.000000000000000
3500,16384,1000,2.016411066055298,1.600155830383301,0.000000000000000
3500,16384,1500,2.952143907546997,2.395624876022339,0.000000000000000
3500,16384,2000,3.937951803207397,3.173943996429443,0.000000000000000
3500,16384,2500,4.828776121139526,3.965816020965576,0.000000000000000
3500,16384,3000,5.761528015136719,4.718585014343262,0.000000000000000
3500,16384,3500,6.704707145690918,5.530230045318604,0.000000000000000
3500,24576,100,0.4405519962310791,0.1561331748962402,0.000000000000000
3500,24576,250,0.9247601032257080,0.5290861129760742,0.000000000000000
3500,24576,500,1.616714000701904,1.209519863128662,0.000000000000000
3500,24576,750,2.270488977432251,2.557605028152466,0.000000000000000
3500,24576,1000,2.966125011444092,2.488253116607666,0.000000000000000
3500,24576,1500,4.434587955474854,3.690701007843018,0.000000000000000
3500,24576,2000,5.769973039627075,4.905474901199341,0.000000000000000
3500,24576,2500,7.174695968627930,6.120074033737183,0.000000000000000
3500,24576,3000,8.582707166671753,7.332180976867676,0.000000000000000
3500,24576,3500,10.04027795791626,8.542555809020996,0.000000000000000
3500,32768,100,0.5595798492431641,0.2853779792785645,0.000000000000000
3500,32768,250,1.115007877349854,0.8317098617553711,0.000000000000000
3500,32768,500,2.045527935028076,1.829272031784058,0.000000000000000
3500,32768,750,2.985764980316162,2.711108922958374,0.000000000000000
3500,32768,1000,3.919002056121826,3.556369066238403,0.000000000000000
3500,32768,1500,5.785243034362793,5.280763149261475,0.000000000000000
3500,32768,2000,7.716886043548584,7.019263029098511,0.000000000000000
3500,32768,2500,9.522042989730835,8.707643985748291,0.000000000000000
3500,32768,3000,11.39071798324585,10.40770006179810,0.000000000000000
3500,32768,3500,13.26798415184021,12.10222697257996,0.000000000000000
3500,40960,100,0.6737489700317383,0.3648500442504883,0.000000000000000
3500,40960,250,1.368752002716064,1.071413040161133,0.000000000000000
3500,40960,500,2.536033868789673,2.232346057891846,0.000000000000000
3500,40960,750,3.695405006408691,3.247853994369507,0.000000000000000
3500,40960,1000,4.866614818572998,4.268411874771118,0.000000000000000
3500,40960,1500,7.237055063247681,7.016401052474976,0.000000000000000
3500,40960,2000,9.529958963394165,8.303875923156738,0.000000000000000
3500,40960,2500,11.86584901809692,10.34512615203857,0.000000000000000
3500,40960,3000,14.20500087738037,12.37436604499817,0.000000000000000
3500,40960,3500,16.42676806449890,14.39942812919617,0.000000000000000
3500,49152,100,0.7864069938659668,0.4673750400543213,0.000000000000000
3500,49152,250,1.629944086074829,1.361347913742065,0.000000000000000
3500,49152,500,3.025126934051514,2.755096197128296,0.000000000000000
3500,49152,750,4.417292118072510,4.002319812774658,0.000000000000000
3500,49152,1000,5.824198007583618,5.252311944961548,0.000000000000000
3500,49152,1500,8.669015884399414,7.710853815078735,0.000000000000000
3500,49152,2000,11.41223978996277,10.20460391044617,0.000000000000000
3500,49152,2500,14.21247482299805,12.67023897171021,0.000000000000000
3500,49152,3000,17.00955700874329,15.12895011901855,0.000000000000000
3500,49152,3500,19.84848523139954,17.60921192169189,0.000000000000000
3500,57344,100,0.8977050781250000,0.5721759796142578,0.000000000000000
3500,57344,250,1.878849983215332,1.654543876647949,0.000000000000000
3500,57344,500,3.502406120300293,3.254928112030029,0.000000000000000
3500,57344,750,5.133509874343872,4.775258064270020,0.000000000000000
3500,57344,1000,6.769376993179321,6.268414020538330,0.000000000000000
3500,57344,1500,10.04780793190002,9.231307029724121,0.000000000000000
3500,57344,2000,13.29833698272705,12.18600511550903,0.000000000000000
3500,57344,2500,16.57807087898254,15.15772294998169,0.000000000000000
3500,57344,3000,19.71352601051331,18.15334296226501,0.000000000000000
3500,57344,3500,22.98492193222046,21.13047003746033,0.000000000000000
3500,65536,100,1.012068986892700,0.7290420532226563,0.000000000000000
3500,65536,250,2.137807846069336,2.107156038284302,0.000000000000000
3500,65536,500,3.998202085494995,3.812994956970215,0.000000000000000
3500,65536,750,5.865411996841431,5.542151927947998,0.000000000000000
3500,65536,1000,7.732986211776733,7.246037006378174,0.000000000000000
3500,65536,1500,11.38669109344482,10.67424321174622,0.000000000000000
3500,65536,2000,15.19427800178528,14.10032296180725,0.000000000000000
3500,65536,2500,18.80223298072815,17.56616902351379,0.000000000000000
3500,65536,3000,22.69635391235352,20.94350600242615,0.000000000000000
3500,65536,3500,26.41250205039978,24.37830209732056,0.000000000000000
3500,73728,100,1.129093170166016,0.8073949813842773,0.000000000000000
3500,73728,250,2.378662109375000,2.365911960601807,0.000000000000000
3500,73728,500,4.492809057235718,4.328877925872803,0.000000000000000
3500,73728,750,6.578974008560181,6.235359191894531,0.000000000000000
3500,73728,1000,8.672406911849976,8.144032001495361,0.000000000000000
3500,73728,1500,12.87359786033630,11.96104407310486,0.000000000000000
3500,73728,2000,17.06683802604675,15.79980111122131,0.000000000000000
3500,73728,2500,21.30250501632690,19.62546706199646,0.000000000000000
3500,73728,3000,25.49642300605774,23.41626691818237,0.000000000000000
3500,73728,3500,29.52268409729004,27.22106003761292,0.000000000000000
3500,81920,100,1.234544038772583,0.9010159969329834,0.000000000000000
3500,81920,250,2.639054059982300,2.580443143844604,0.000000000000000
3500,81920,500,4.977049827575684,4.712277889251709,0.000000000000000
3500,81920,750,7.223924875259399,6.804227828979492,0.000000000000000
3500,81920,1000,9.631432056427002,8.872972965240479,0.000000000000000
3500,81920,1500,14.28399515151978,13.06619405746460,0.000000000000000
3500,81920,2000,18.97861909866333,17.21676921844482,0.000000000000000
3500,81920,2500,23.53296709060669,21.42027211189270,0.000000000000000
3500,81920,3000,28.32078289985657,25.61538887023926,0.000000000000000
3500,81920,3500,32.98630309104919,29.78764104843140,0.000000000000000
