m,n,k,time_ext,time_int,max_error
100,100,100,0.1689970493316650,1.6808509826660156E-004,0.000000000000000
250,100,100,0.1363120079040527,3.4213066101074219E-004,0.000000000000000
500,100,100,0.1334738731384277,6.2680244445800781E-004,0.000000000000000
750,100,100,0.1279339790344238,1.1219978332519531E-003,0.000000000000000
1000,100,100,0.1328511238098145,1.4750957489013672E-003,0.000000000000000
1500,100,100,0.1359159946441650,2.1021366119384766E-003,0.000000000000000
2000,100,100,0.1379001140594482,2.6559829711914063E-003,0.000000000000000
3000,100,100,0.1301279067993164,3.9088726043701172E-003,0.000000000000000
5000,100,100,0.1384580135345459,6.1919689178466797E-003,0.000000000000000
100,250,100,0.1266188621520996,2.2101402282714844E-004,0.000000000000000
250,250,100,0.1276729106903076,4.6110153198242188E-004,0.000000000000000
500,250,100,0.1311290264129639,9.3817710876464844E-004,0.000000000000000
750,250,100,0.1287109851837158,1.3089179992675781E-003,0.000000000000000
1000,250,100,0.1306898593902588,1.7960071563720703E-003,0.000000000000000
1500,250,100,0.1359310150146484,2.6628971099853516E-003,0.000000000000000
2000,250,100,0.1308131217956543,3.3071041107177734E-003,0.000000000000000
3000,250,100,0.1374421119689941,4.8069953918457031E-003,0.000000000000000
5000,250,100,0.1354379653930664,7.8370571136474609E-003,0.000000000000000
100,500,100,0.1293671131134033,3.5190582275390625E-004,0.000000000000000
250,500,100,0.1259241104125977,7.3003768920898438E-004,0.000000000000000
500,500,100,0.1304891109466553,1.1742115020751953E-003,0.000000000000000
750,500,100,0.1338000297546387,1.7950534820556641E-003,0.000000000000000
1000,500,100,0.1306998729705811,2.3338794708251953E-003,0.000000000000000
1500,500,100,0.1341071128845215,3.3609867095947266E-003,0.000000000000000
2000,500,100,0.1341669559478760,4.3950080871582031E-003,0.000000000000000
3000,500,100,0.1388731002807617,6.6530704498291016E-003,0.000000000000000
5000,500,100,0.1372990608215332,1.0535001754760742E-002,0.000000000000000
100,750,100,0.1273291110992432,4.4989585876464844E-004,0.000000000000000
250,750,100,0.1296708583831787,8.1992149353027344E-004,0.000000000000000
500,750,100,0.1340520381927490,1.5468597412109375E-003,0.000000000000000
750,750,100,0.1289861202239990,2.0508766174316406E-003,0.000000000000000
1000,750,100,0.1363129615783691,2.7048587799072266E-003,0.000000000000000
1500,750,100,0.1309418678283691,3.7128925323486328E-003,0.000000000000000
2000,750,100,0.1348788738250732,4.9788951873779297E-003,0.000000000000000
3000,750,100,0.1362030506134033,7.2221755981445313E-003,0.000000000000000
5000,750,100,0.1436791419982910,1.2893915176391602E-002,0.000000000000000
100,1000,100,0.1272320747375488,5.7101249694824219E-004,0.000000000000000
250,1000,100,0.1358170509338379,1.0459423065185547E-003,0.000000000000000
500,1000,100,0.1304199695587158,1.7850399017333984E-003,0.000000000000000
750,1000,100,0.1319439411163330,2.6340484619140625E-003,0.000000000000000
1000,1000,100,0.1311721801757813,3.1869411468505859E-003,0.000000000000000
1500,1000,100,0.1364810466766357,5.1550865173339844E-003,0.000000000000000
2000,1000,100,0.1372070312500000,6.3369274139404297E-003,0.000000000000000
3000,1000,100,0.1382989883422852,9.1981887817382813E-003,0.000000000000000
5000,1000,100,0.1418640613555908,1.5347957611083984E-002,0.000000000000000
100,1500,100,0.1272950172424316,8.7404251098632813E-004,0.000000000000000
250,1500,100,0.1271171569824219,1.3380050659179688E-003,0.000000000000000
500,1500,100,0.1330158710479736,2.4280548095703125E-003,0.000000000000000
750,1500,100,0.1302959918975830,3.3578872680664063E-003,0.000000000000000
1000,1500,100,0.1299448013305664,4.3768882751464844E-003,0.000000000000000
1500,1500,100,0.1315331459045410,6.1800479888916016E-003,0.000000000000000
2000,1500,100,0.1369171142578125,8.6820125579833984E-003,0.000000000000000
3000,1500,100,0.1452341079711914,1.3401985168457031E-002,0.000000000000000
5000,1500,100,0.1468749046325684,1.9149065017700195E-002,0.000000000000000
100,2000,100,0.1298308372497559,1.0600090026855469E-003,0.000000000000000
250,2000,100,0.1269240379333496,1.8069744110107422E-003,0.000000000000000
500,2000,100,0.1301810741424561,3.2069683074951172E-003,0.000000000000000
750,2000,100,0.1333489418029785,4.7500133514404297E-003,0.000000000000000
1000,2000,100,0.1388690471649170,6.6921710968017578E-003,0.000000000000000
1500,2000,100,0.1383559703826904,9.3889236450195313E-003,0.000000000000000
2000,2000,100,0.1400940418243408,1.1724948883056641E-002,0.000000000000000
3000,2000,100,0.1440320014953613,1.7349004745483398E-002,0.000000000000000
5000,2000,100,0.1569738388061523,2.8304100036621094E-002,0.000000000000000
100,3000,100,0.1287229061126709,1.4150142669677734E-003,0.000000000000000
250,3000,100,0.1307430267333984,2.3829936981201172E-003,0.000000000000000
500,3000,100,0.1322789192199707,4.1630268096923828E-003,0.000000000000000
750,3000,100,0.1330909729003906,5.9680938720703125E-003,0.000000000000000
1000,3000,100,0.1376209259033203,7.6570510864257813E-003,0.000000000000000
1500,3000,100,0.1403760910034180,1.1608123779296875E-002,0.000000000000000
2000,3000,100,0.1445789337158203,1.5357971191406250E-002,0.000000000000000
3000,3000,100,0.1488790512084961,2.0812988281250000E-002,0.000000000000000
5000,3000,100,0.1673848628997803,3.5633087158203125E-002,0.000000000000000
100,5000,100,0.1284019947052002,2.1979808807373047E-003,0.000000000000000
250,5000,100,0.1333200931549072,3.8290023803710938E-003,0.000000000000000
500,5000,100,0.1355359554290771,6.6080093383789063E-003,0.000000000000000
750,5000,100,0.1381769180297852,9.4959735870361328E-003,0.000000000000000
1000,5000,100,0.1400389671325684,1.2767076492309570E-002,0.000000000000000
1500,5000,100,0.1458230018615723,1.7825841903686523E-002,0.000000000000000
2000,5000,100,0.1528828144073486,2.3242950439453125E-002,0.000000000000000
3000,5000,100,0.1648259162902832,3.4013032913208008E-002,0.000000000000000
5000,5000,100,0.1861031055450439,5.2217960357666016E-002,0.000000000000000
100,100,250,0.1356160640716553,3.3211708068847656E-004,0.000000000000000
250,100,250,0.1287178993225098,7.0881843566894531E-004,0.000000000000000
500,100,250,0.1330859661102295,1.3279914855957031E-003,0.000000000000000
750,100,250,0.1293179988861084,2.3488998413085938E-003,0.000000000000000
1000,100,250,0.1308791637420654,3.0491352081298828E-003,0.000000000000000
1500,100,250,0.1294910907745361,4.3809413909912109E-003,0.000000000000000
2000,100,250,0.1295518875122070,5.5680274963378906E-003,0.000000000000000
3000,100,250,0.1324532032012939,8.2979202270507813E-003,0.000000000000000
5000,100,250,0.1419930458068848,1.3708114624023438E-002,0.000000000000000
100,250,250,0.1389620304107666,4.4894218444824219E-004,0.000000000000000
250,250,250,0.1323688030242920,8.6307525634765625E-004,0.000000000000000
500,250,250,0.1264019012451172,1.9199848175048828E-003,0.000000000000000
750,250,250,0.1331851482391357,2.6779174804687500E-003,0.000000000000000
1000,250,250,0.1339299678802490,3.5791397094726563E-003,0.000000000000000
1500,250,250,0.1317980289459229,5.0320625305175781E-003,0.000000000000000
2000,250,250,0.1339929103851318,6.5770149230957031E-003,0.000000000000000
3000,250,250,0.1378579139709473,9.7420215606689453E-003,0.000000000000000
5000,250,250,0.1433179378509521,1.5779018402099609E-002,0.000000000000000
100,500,250,0.1287970542907715,6.6399574279785156E-004,0.000000000000000
250,500,250,0.1276869773864746,1.2061595916748047E-003,0.000000000000000
500,500,250,0.1320929527282715,1.9910335540771484E-003,0.000000000000000
750,500,250,0.1284790039062500,2.8409957885742188E-003,0.000000000000000
1000,500,250,0.1314070224761963,3.8089752197265625E-003,0.000000000000000
1500,500,250,0.1324801445007324,5.4149627685546875E-003,0.000000000000000
2000,500,250,0.1330540180206299,7.0631504058837891E-003,0.000000000000000
3000,500,250,0.1386051177978516,1.0580062866210938E-002,0.000000000000000
5000,500,250,0.1532959938049316,1.7675161361694336E-002,0.000000000000000
100,750,250,0.1338100433349609,8.6092948913574219E-004,0.000000000000000
250,750,250,0.1288828849792480,1.4300346374511719E-003,0.000000000000000
500,750,250,0.1300139427185059,2.5639533996582031E-003,0.000000000000000
750,750,250,0.1325068473815918,3.4670829772949219E-003,0.000000000000000
1000,750,250,0.1323020458221436,4.4081211090087891E-003,0.000000000000000
1500,750,250,0.1350378990173340,6.4790248870849609E-003,0.000000000000000
2000,750,250,0.1405558586120605,8.4569454193115234E-003,0.000000000000000
3000,750,250,0.1413719654083252,1.2749910354614258E-002,0.000000000000000
5000,750,250,0.1540510654449463,2.0585060119628906E-002,0.000000000000000
100,1000,250,0.1319270133972168,1.1382102966308594E-003,0.000000000000000
250,1000,250,0.1306188106536865,1.8510818481445313E-003,0.000000000000000
500,1000,250,0.1326470375061035,3.1538009643554688E-003,0.000000000000000
750,1000,250,0.1406719684600830,4.5151710510253906E-003,0.000000000000000
1000,1000,250,0.1350879669189453,5.8040618896484375E-003,0.000000000000000
1500,1000,250,0.1353371143341064,8.2709789276123047E-003,0.000000000000000
2000,1000,250,0.1412930488586426,1.0969877243041992E-002,0.000000000000000
3000,1000,250,0.1426689624786377,1.5648126602172852E-002,0.000000000000000
5000,1000,250,0.1535038948059082,2.5715112686157227E-002,0.000000000000000
100,1500,250,0.1288249492645264,1.5320777893066406E-003,0.000000000000000
250,1500,250,0.1294300556182861,2.4728775024414063E-003,0.000000000000000
500,1500,250,0.1300468444824219,3.8249492645263672E-003,0.000000000000000
750,1500,250,0.1321320533752441,5.5310726165771484E-003,0.000000000000000
1000,1500,250,0.1381919384002686,6.7710876464843750E-003,0.000000000000000
1500,1500,250,0.1404490470886230,1.0746002197265625E-002,0.000000000000000
2000,1500,250,0.1431210041046143,1.2974977493286133E-002,0.000000000000000
3000,1500,250,0.1483769416809082,1.9090890884399414E-002,0.000000000000000
5000,1500,250,0.1580278873443604,3.0972957611083984E-002,0.000000000000000
100,2000,250,0.1321430206298828,1.9469261169433594E-003,0.000000000000000
250,2000,250,0.1320788860321045,3.2801628112792969E-003,0.000000000000000
500,2000,250,0.1344649791717529,5.9008598327636719E-003,0.000000000000000
750,2000,250,0.1377460956573486,8.1820487976074219E-003,0.000000000000000
1000,2000,250,0.1435339450836182,1.1353015899658203E-002,0.000000000000000
1500,2000,250,0.1450278759002686,1.6113996505737305E-002,0.000000000000000
2000,2000,250,0.1547889709472656,2.0919084548950195E-002,0.000000000000000
3000,2000,250,0.1653859615325928,3.1752824783325195E-002,0.000000000000000
5000,2000,250,0.1813960075378418,4.9288034439086914E-002,0.000000000000000
100,3000,250,0.1323060989379883,2.6888847351074219E-003,0.000000000000000
250,3000,250,0.1376268863677979,4.3749809265136719E-003,0.000000000000000
500,3000,250,0.1396758556365967,7.3719024658203125E-003,0.000000000000000
750,3000,250,0.1368169784545898,1.0039091110229492E-002,0.000000000000000
1000,3000,250,0.1461400985717773,1.3073921203613281E-002,0.000000000000000
1500,3000,250,0.1513731479644775,1.8627166748046875E-002,0.000000000000000
2000,3000,250,0.1584739685058594,2.4741888046264648E-002,0.000000000000000
3000,3000,250,0.1640670299530029,3.5724878311157227E-002,0.000000000000000
5000,3000,250,0.1882338523864746,6.1521053314208984E-002,0.000000000000000
100,5000,250,0.1336188316345215,4.5418739318847656E-003,0.000000000000000
250,5000,250,0.1362810134887695,6.5209865570068359E-003,0.000000000000000
500,5000,250,0.1388378143310547,1.1111974716186523E-002,0.000000000000000
750,5000,250,0.1440210342407227,1.6084909439086914E-002,0.000000000000000
1000,5000,250,0.1532869338989258,2.1825790405273438E-002,0.000000000000000
1500,5000,250,0.1640729904174805,3.1391143798828125E-002,0.000000000000000
2000,5000,250,0.1640489101409912,3.9054870605468750E-002,0.000000000000000
3000,5000,250,0.1856942176818848,5.6436061859130859E-002,0.000000000000000
5000,5000,250,0.2245459556579590,9.5252037048339844E-002,0.000000000000000
100,100,500,0.1245241165161133,5.9103965759277344E-004,0.000000000000000
250,100,500,0.1281208992004395,1.3189315795898438E-003,0.000000000000000
500,100,500,0.1250929832458496,2.3601055145263672E-003,0.000000000000000
750,100,500,0.1263329982757568,4.2810440063476563E-003,0.000000000000000
1000,100,500,0.1244549751281738,5.5608749389648438E-003,0.000000000000000
1500,100,500,0.1302130222320557,8.8119506835937500E-003,0.000000000000000
2000,100,500,0.1304910182952881,1.0741949081420898E-002,0.000000000000000
3000,100,500,0.1381969451904297,1.5717983245849609E-002,0.000000000000000
5000,100,500,0.1587290763854980,2.6635169982910156E-002,0.000000000000000
100,250,500,0.1337611675262451,7.9393386840820313E-004,0.000000000000000
250,250,500,0.1293518543243408,1.8579959869384766E-003,0.000000000000000
500,250,500,0.1325349807739258,2.8388500213623047E-003,0.000000000000000
750,250,500,0.1354391574859619,4.0628910064697266E-003,0.000000000000000
1000,250,500,0.1387269496917725,5.3601264953613281E-003,0.000000000000000
1500,250,500,0.1370630264282227,7.6079368591308594E-003,0.000000000000000
2000,250,500,0.1398429870605469,1.0106086730957031E-002,0.000000000000000
3000,250,500,0.1420581340789795,1.4525175094604492E-002,0.000000000000000
5000,250,500,0.1530470848083496,2.4456977844238281E-002,0.000000000000000
100,500,500,0.1331410408020020,1.1839866638183594E-003,0.000000000000000
250,500,500,0.1315939426422119,2.0837783813476563E-003,0.000000000000000
500,500,500,0.1323781013488770,3.4759044647216797E-003,0.000000000000000
750,500,500,0.1332569122314453,5.0308704376220703E-003,0.000000000000000
1000,500,500,0.1404969692230225,6.4790248870849609E-003,0.000000000000000
1500,500,500,0.1369960308074951,9.4599723815917969E-003,0.000000000000000
2000,500,500,0.1396269798278809,1.2318849563598633E-002,0.000000000000000
3000,500,500,0.1514611244201660,1.8177032470703125E-002,0.000000000000000
5000,500,500,0.1640238761901855,3.0764102935791016E-002,0.000000000000000
100,750,500,0.1292290687561035,1.4750957489013672E-003,0.000000000000000
250,750,500,0.1307218074798584,2.3541450500488281E-003,0.000000000000000
500,750,500,0.1367130279541016,4.3079853057861328E-003,0.000000000000000
750,750,500,0.1350128650665283,6.1421394348144531E-003,0.000000000000000
1000,750,500,0.1402180194854736,7.7278614044189453E-003,0.000000000000000
1500,750,500,0.1408810615539551,1.1201143264770508E-002,0.000000000000000
2000,750,500,0.1440200805664063,1.4595985412597656E-002,0.000000000000000
3000,750,500,0.1534950733184814,2.2569894790649414E-002,0.000000000000000
5000,750,500,0.1671040058135986,3.5867929458618164E-002,0.000000000000000
100,1000,500,0.1274390220642090,1.8410682678222656E-003,0.000000000000000
250,1000,500,0.1385860443115234,3.1371116638183594E-003,0.000000000000000
500,1000,500,0.1335139274597168,5.3358078002929688E-003,0.000000000000000
750,1000,500,0.1394019126892090,7.5139999389648438E-003,0.000000000000000
1000,1000,500,0.1427230834960938,9.8109245300292969E-003,0.000000000000000
1500,1000,500,0.1434061527252197,1.4486074447631836E-002,0.000000000000000
2000,1000,500,0.1456351280212402,1.8408060073852539E-002,0.000000000000000
3000,1000,500,0.1545488834381104,2.8109073638916016E-002,0.000000000000000
5000,1000,500,0.1750628948211670,4.6021938323974609E-002,0.000000000000000
100,1500,500,0.1293840408325195,2.5568008422851563E-003,0.000000000000000
250,1500,500,0.1307089328765869,4.0369033813476563E-003,0.000000000000000
500,1500,500,0.1341440677642822,6.7050457000732422E-003,0.000000000000000
750,1500,500,0.1381580829620361,9.0999603271484375E-003,0.000000000000000
1000,1500,500,0.1447439193725586,1.1591911315917969E-002,0.000000000000000
1500,1500,500,0.1478760242462158,1.6652107238769531E-002,0.000000000000000
2000,1500,500,0.1505570411682129,2.2184848785400391E-002,0.000000000000000
3000,1500,500,0.1630539894104004,3.1906127929687500E-002,0.000000000000000
5000,1500,500,0.1867401599884033,5.1700830459594727E-002,0.000000000000000
100,2000,500,0.1311221122741699,3.5247802734375000E-003,0.000000000000000
250,2000,500,0.1343400478363037,5.7668685913085938E-003,0.000000000000000
500,2000,500,0.1378269195556641,9.9439620971679688E-003,0.000000000000000
750,2000,500,0.1430981159210205,1.4151096343994141E-002,0.000000000000000
1000,2000,500,0.1469991207122803,1.8207073211669922E-002,0.000000000000000
1500,2000,500,0.1549711227416992,2.6496887207031250E-002,0.000000000000000
2000,2000,500,0.1657240390777588,3.4954071044921875E-002,0.000000000000000
3000,2000,500,0.1828730106353760,5.0112009048461914E-002,0.000000000000000
5000,2000,500,0.2131350040435791,8.3501815795898438E-002,0.000000000000000
100,3000,500,0.1317551136016846,4.8050880432128906E-003,0.000000000000000
250,3000,500,0.1355040073394775,7.0440769195556641E-003,0.000000000000000
500,3000,500,0.1437418460845947,1.1658906936645508E-002,0.000000000000000
750,3000,500,0.1451411247253418,1.6643047332763672E-002,0.000000000000000
1000,3000,500,0.1511878967285156,2.1390914916992188E-002,0.000000000000000
1500,3000,500,0.1604979038238525,3.1522989273071289E-002,0.000000000000000
2000,3000,500,0.1693520545959473,3.9900064468383789E-002,0.000000000000000
3000,3000,500,0.1877801418304443,6.4271926879882813E-002,0.000000000000000
5000,3000,500,0.2250671386718750,0.1101310253143311,0.000000000000000
100,5000,500,0.1275680065155029,6.8888664245605469E-003,0.000000000000000
250,5000,500,0.1344640254974365,1.1207818984985352E-002,0.000000000000000
500,5000,500,0.1463079452514648,1.8260002136230469E-002,0.000000000000000
750,5000,500,0.1598000526428223,2.5938987731933594E-002,0.000000000000000
1000,5000,500,0.1676328182220459,3.3781051635742188E-002,0.000000000000000
1500,5000,500,0.1926810741424561,5.4409027099609375E-002,0.000000000000000
2000,5000,500,0.2141101360321045,8.0443859100341797E-002,0.000000000000000
3000,5000,500,0.2698380947113037,0.1460728645324707,0.000000000000000
5000,5000,500,0.3497471809387207,0.2463719844818115,0.000000000000000
100,100,750,9.7536087036132813E-002,5.7911872863769531E-004,0.000000000000000
250,100,750,9.6216917037963867E-002,1.1689662933349609E-003,0.000000000000000
500,100,750,0.1097209453582764,3.1781196594238281E-003,0.000000000000000
750,100,750,0.1292209625244141,5.4938793182373047E-003,0.000000000000000
1000,100,750,0.1335639953613281,6.8709850311279297E-003,0.000000000000000
1500,100,750,0.1343679428100586,1.0076045989990234E-002,0.000000000000000
2000,100,750,0.1364929676055908,1.2298107147216797E-002,0.000000000000000
3000,100,750,0.1219761371612549,1.4940023422241211E-002,0.000000000000000
5000,100,750,0.1553480625152588,3.1327009201049805E-002,0.000000000000000
100,250,750,0.1291329860687256,1.3248920440673828E-003,0.000000000000000
250,250,750,0.1283981800079346,2.6459693908691406E-003,0.000000000000000
500,250,750,0.1187000274658203,3.3221244812011719E-003,0.000000000000000
750,250,750,0.1333680152893066,5.5379867553710938E-003,0.000000000000000
1000,250,750,0.1358978748321533,7.5709819793701172E-003,0.000000000000000
1500,250,750,0.1164281368255615,6.9060325622558594E-003,0.000000000000000
2000,250,750,0.1256601810455322,1.1574029922485352E-002,0.000000000000000
3000,250,750,0.1466441154479980,2.1532058715820313E-002,0.000000000000000
5000,250,750,0.1660580635070801,3.6181926727294922E-002,0.000000000000000
100,500,750,0.1180868148803711,1.2900829315185547E-003,0.000000000000000
250,500,750,0.1277060508728027,2.8431415557861328E-003,0.000000000000000
500,500,750,0.1352488994598389,5.0377845764160156E-003,0.000000000000000
750,500,750,0.1340699195861816,7.5480937957763672E-003,0.000000000000000
1000,500,750,0.1358289718627930,9.2639923095703125E-003,0.000000000000000
1500,500,750,0.1420841217041016,1.3665914535522461E-002,0.000000000000000
2000,500,750,0.1520159244537354,1.7530202865600586E-002,0.000000000000000
3000,500,750,0.1260190010070801,1.7042160034179688E-002,0.000000000000000
5000,500,750,0.1280391216278076,2.7963161468505859E-002,0.000000000000000
100,750,750,0.1109049320220947,1.4138221740722656E-003,0.000000000000000
250,750,750,0.1034898757934570,2.2809505462646484E-003,0.000000000000000
500,750,750,0.1227052211761475,4.8921108245849609E-003,0.000000000000000
750,750,750,0.1342329978942871,8.6100101470947266E-003,0.000000000000000
1000,750,750,0.1238110065460205,9.4799995422363281E-003,0.000000000000000
1500,750,750,0.1473009586334229,1.6551017761230469E-002,0.000000000000000
2000,750,750,0.1530039310455322,2.0939826965332031E-002,0.000000000000000
3000,750,750,0.1623711585998535,3.1123876571655273E-002,0.000000000000000
5000,750,750,0.1402580738067627,3.4564018249511719E-002,0.000000000000000
100,1000,750,0.1226449012756348,2.7329921722412109E-003,0.000000000000000
250,1000,750,0.1324009895324707,4.3880939483642578E-003,0.000000000000000
500,1000,750,0.1443541049957275,7.4398517608642578E-003,0.000000000000000
750,1000,750,0.1154799461364746,7.7788829803466797E-003,0.000000000000000
1000,1000,750,0.1248450279235840,1.2205123901367188E-002,0.000000000000000
1500,1000,750,0.1502211093902588,1.9865036010742188E-002,0.000000000000000
2000,1000,750,0.1544389724731445,2.6129961013793945E-002,0.000000000000000
3000,1000,750,0.1680910587310791,3.8986921310424805E-002,0.000000000000000
5000,1000,750,0.1942279338836670,6.4280986785888672E-002,0.000000000000000
100,1500,750,0.1322410106658936,3.5791397094726563E-003,0.000000000000000
250,1500,750,0.1233520507812500,5.5918693542480469E-003,0.000000000000000
500,1500,750,0.1385791301727295,9.3832015991210938E-003,0.000000000000000
750,1500,750,0.1417980194091797,1.3126134872436523E-002,0.000000000000000
1000,1500,750,0.1464400291442871,1.6350984573364258E-002,0.000000000000000
1500,1500,750,0.1532940864562988,2.3865938186645508E-002,0.000000000000000
2000,1500,750,0.1635460853576660,3.1677007675170898E-002,0.000000000000000
3000,1500,750,0.1429669857025146,3.6249876022338867E-002,0.000000000000000
5000,1500,750,0.1552920341491699,5.9864997863769531E-002,0.000000000000000
100,2000,750,0.1218979358673096,4.3649673461914063E-003,0.000000000000000
250,2000,750,0.1377990245819092,8.9101791381835938E-003,0.000000000000000
500,2000,750,0.1433320045471191,1.4407157897949219E-002,0.000000000000000
750,2000,750,0.1540582180023193,2.0075082778930664E-002,0.000000000000000
1000,2000,750,0.1592280864715576,2.7161836624145508E-002,0.000000000000000
1500,2000,750,0.1697320938110352,3.8424015045166016E-002,0.000000000000000
2000,2000,750,0.1853151321411133,5.0894021987915039E-002,0.000000000000000
3000,2000,750,0.2030830383300781,7.2439908981323242E-002,0.000000000000000
5000,2000,750,0.2563371658325195,0.1208610534667969,0.000000000000000
100,3000,750,0.1070549488067627,4.6439170837402344E-003,0.000000000000000
250,3000,750,0.1165490150451660,8.1720352172851563E-003,0.000000000000000
500,3000,750,0.1445229053497314,1.6845941543579102E-002,0.000000000000000
750,3000,750,0.1521470546722412,2.3395061492919922E-002,0.000000000000000
1000,3000,750,0.1604609489440918,3.0885934829711914E-002,0.000000000000000
1500,3000,750,0.1786649227142334,4.7607898712158203E-002,0.000000000000000
2000,3000,750,0.1970999240875244,6.3614130020141602E-002,0.000000000000000
3000,3000,750,0.2366220951080322,0.1146268844604492,0.000000000000000
5000,3000,750,0.2903809547424316,0.1970100402832031,0.000000000000000
100,5000,750,9.7974061965942383E-002,6.8900585174560547E-003,0.000000000000000
250,5000,750,0.1263680458068848,1.2641906738281250E-002,0.000000000000000
500,5000,750,0.1460790634155273,2.3119926452636719E-002,0.000000000000000
750,5000,750,0.1551730632781982,3.2886028289794922E-002,0.000000000000000
1000,5000,750,0.1822049617767334,5.1516056060791016E-002,0.000000000000000
1500,5000,750,0.2028808593750000,9.7308158874511719E-002,0.000000000000000
2000,5000,750,0.2715299129486084,0.1484549045562744,0.000000000000000
3000,5000,750,0.3171231746673584,0.2315571308135986,0.000000000000000
5000,5000,750,0.5078539848327637,0.4130291938781738,0.000000000000000
100,100,1000,0.1110939979553223,9.7990036010742188E-004,0.000000000000000
250,100,1000,0.1055610179901123,1.6028881072998047E-003,0.000000000000000
500,100,1000,9.7527980804443359E-002,3.0021667480468750E-003,0.000000000000000
750,100,1000,9.9136114120483398E-002,3.7660598754882813E-003,0.000000000000000
1000,100,1000,9.7316980361938477E-002,4.9130916595458984E-003,0.000000000000000
1500,100,1000,0.1161010265350342,9.8679065704345703E-003,0.000000000000000
2000,100,1000,0.1354720592498779,1.6593933105468750E-002,0.000000000000000
3000,100,1000,0.1479811668395996,2.4595022201538086E-002,0.000000000000000
5000,100,1000,0.1668691635131836,4.0536165237426758E-002,0.000000000000000
100,250,1000,0.1001260280609131,9.8109245300292969E-004,0.000000000000000
250,250,1000,0.1119539737701416,2.3260116577148438E-003,0.000000000000000
500,250,1000,0.1244239807128906,5.2261352539062500E-003,0.000000000000000
750,250,1000,0.1347990036010742,7.5230598449707031E-003,0.000000000000000
1000,250,1000,0.1367049217224121,7.4720382690429688E-003,0.000000000000000
1500,250,1000,0.1357588768005371,1.4272928237915039E-002,0.000000000000000
2000,250,1000,0.1385569572448730,1.5487909317016602E-002,0.000000000000000
3000,250,1000,0.1554849147796631,2.1246910095214844E-002,0.000000000000000
5000,250,1000,0.1631598472595215,3.4962892532348633E-002,0.000000000000000
100,500,1000,0.1282701492309570,2.3820400238037109E-003,0.000000000000000
250,500,1000,0.1192610263824463,3.1108856201171875E-003,0.000000000000000
500,500,1000,0.1378898620605469,6.5400600433349609E-003,0.000000000000000
750,500,1000,0.1278469562530518,9.4120502471923828E-003,0.000000000000000
1000,500,1000,0.1470639705657959,1.2149810791015625E-002,0.000000000000000
1500,500,1000,0.1439349651336670,1.3507127761840820E-002,0.000000000000000
2000,500,1000,0.1370840072631836,1.8235921859741211E-002,0.000000000000000
3000,500,1000,0.1507098674774170,2.8130054473876953E-002,0.000000000000000
5000,500,1000,0.1588909626007080,4.3447017669677734E-002,0.000000000000000
100,750,1000,0.1274309158325195,2.0029544830322266E-003,0.000000000000000
250,750,1000,0.1179220676422119,3.3891201019287109E-003,0.000000000000000
500,750,1000,0.1374979019165039,7.7698230743408203E-003,0.000000000000000
750,750,1000,0.1349279880523682,1.1140108108520508E-002,0.000000000000000
1000,750,1000,0.1485021114349365,1.4039993286132813E-002,0.000000000000000
1500,750,1000,0.1546599864959717,2.0576953887939453E-002,0.000000000000000
2000,750,1000,0.1584069728851318,2.6779174804687500E-002,0.000000000000000
3000,750,1000,0.1695189476013184,3.9391994476318359E-002,0.000000000000000
5000,750,1000,0.2005319595336914,6.4315080642700195E-002,0.000000000000000
100,1000,1000,0.1307389736175537,3.6950111389160156E-003,0.000000000000000
250,1000,1000,0.1348218917846680,5.8999061584472656E-003,0.000000000000000
500,1000,1000,0.1375870704650879,9.9310874938964844E-003,0.000000000000000
750,1000,1000,0.1418569087982178,1.3930082321166992E-002,0.000000000000000
1000,1000,1000,0.1448459625244141,1.8196105957031250E-002,0.000000000000000
1500,1000,1000,0.1542148590087891,2.5871992111206055E-002,0.000000000000000
2000,1000,1000,0.1642220020294189,3.3708095550537109E-002,0.000000000000000
3000,1000,1000,0.1764760017395020,4.9152851104736328E-002,0.000000000000000
5000,1000,1000,0.2159700393676758,8.4097146987915039E-002,0.000000000000000
100,1500,1000,0.1329188346862793,4.6429634094238281E-003,0.000000000000000
250,1500,1000,0.1366298198699951,7.3688030242919922E-003,0.000000000000000
500,1500,1000,0.1439650058746338,1.1206865310668945E-002,0.000000000000000
750,1500,1000,0.1441299915313721,1.5901088714599609E-002,0.000000000000000
1000,1500,1000,0.1546261310577393,2.1522998809814453E-002,0.000000000000000
1500,1500,1000,0.1610398292541504,3.0593156814575195E-002,0.000000000000000
2000,1500,1000,0.1761598587036133,4.0621995925903320E-002,0.000000000000000
3000,1500,1000,0.1929118633270264,6.5311908721923828E-002,0.000000000000000
5000,1500,1000,0.2402970790863037,0.1141500473022461,0.000000000000000
100,2000,1000,0.1350340843200684,6.9940090179443359E-003,0.000000000000000
250,2000,1000,0.1375319957733154,1.0797977447509766E-002,0.000000000000000
500,2000,1000,0.1441328525543213,1.8226146697998047E-002,0.000000000000000
750,2000,1000,0.1567051410675049,2.6278018951416016E-002,0.000000000000000
1000,2000,1000,0.1617491245269775,3.2871961593627930E-002,0.000000000000000
1500,2000,1000,0.1735861301422119,4.7132015228271484E-002,0.000000000000000
2000,2000,1000,0.1928248405456543,6.3377141952514648E-002,0.000000000000000
3000,2000,1000,0.2180180549621582,9.0810060501098633E-002,0.000000000000000
5000,2000,1000,0.2918341159820557,0.1448621749877930,0.000000000000000
100,3000,1000,0.1054391860961914,5.6769847869873047E-003,0.000000000000000
250,3000,1000,0.1223030090332031,1.0310888290405273E-002,0.000000000000000
500,3000,1000,0.1577031612396240,2.1220922470092773E-002,0.000000000000000
750,3000,1000,0.1640391349792480,2.5727033615112305E-002,0.000000000000000
1000,3000,1000,0.1783699989318848,4.1584014892578125E-002,0.000000000000000
1500,3000,1000,0.1747329235076904,6.2110900878906250E-002,0.000000000000000
2000,3000,1000,0.2369980812072754,0.1052629947662354,0.000000000000000
3000,3000,1000,0.2815840244293213,0.1792080402374268,0.000000000000000
5000,3000,1000,0.3915321826934814,0.2951998710632324,0.000000000000000
100,5000,1000,0.1235759258270264,1.0318040847778320E-002,0.000000000000000
250,5000,1000,0.1384332180023193,1.6842842102050781E-002,0.000000000000000
500,5000,1000,0.1652669906616211,3.4082889556884766E-002,0.000000000000000
750,5000,1000,0.2133569717407227,7.0789813995361328E-002,0.000000000000000
1000,5000,1000,0.2256319522857666,8.7709188461303711E-002,0.000000000000000
1500,5000,1000,0.3016879558563232,0.1669919490814209,0.000000000000000
2000,5000,1000,0.3598251342773438,0.2262079715728760,0.000000000000000
3000,5000,1000,0.4697568416595459,0.3649940490722656,0.000000000000000
5000,5000,1000,0.6488270759582520,0.6100878715515137,0.000000000000000
100,100,1500,0.1159589290618896,1.6138553619384766E-003,0.000000000000000
250,100,1500,0.1068150997161865,2.4468898773193359E-003,0.000000000000000
500,100,1500,0.1123960018157959,5.4380893707275391E-003,0.000000000000000
750,100,1500,0.1235260963439941,9.3450546264648438E-003,0.000000000000000
1000,100,1500,0.1370871067047119,1.2562990188598633E-002,0.000000000000000
1500,100,1500,0.1345849037170410,1.3930082321166992E-002,0.000000000000000
2000,100,1500,0.1349530220031738,1.8004894256591797E-002,0.000000000000000
3000,100,1500,0.1448411941528320,2.7132987976074219E-002,0.000000000000000
5000,100,1500,0.1716148853302002,4.4324159622192383E-002,0.000000000000000
100,250,1500,0.1165220737457275,1.7080307006835938E-003,0.000000000000000
250,250,1500,0.1263639926910400,5.0199031829833984E-003,0.000000000000000
500,250,1500,0.1066138744354248,4.6019554138183594E-003,0.000000000000000
750,250,1500,0.1276180744171143,9.1419219970703125E-003,0.000000000000000
1000,250,1500,0.1385500431060791,1.0757923126220703E-002,0.000000000000000
1500,250,1500,0.1463239192962646,2.1319150924682617E-002,0.000000000000000
2000,250,1500,0.1455631256103516,2.2069931030273438E-002,0.000000000000000
3000,250,1500,0.1453130245208740,3.1080961227416992E-002,0.000000000000000
5000,250,1500,0.1962430477142334,6.8994998931884766E-002,0.000000000000000
100,500,1500,0.1269841194152832,2.4909973144531250E-003,0.000000000000000
250,500,1500,0.1311850547790527,4.1449069976806641E-003,0.000000000000000
500,500,1500,0.1210532188415527,7.3511600494384766E-003,0.000000000000000
750,500,1500,0.1381468772888184,1.3584852218627930E-002,0.000000000000000
1000,500,1500,0.1502718925476074,1.7664909362792969E-002,0.000000000000000
1500,500,1500,0.1510159969329834,2.0389080047607422E-002,0.000000000000000
2000,500,1500,0.1622591018676758,3.4755945205688477E-002,0.000000000000000
3000,500,1500,0.1565718650817871,3.9276123046875000E-002,0.000000000000000
5000,500,1500,0.2172689437866211,8.3191871643066406E-002,0.000000000000000
100,750,1500,0.1093719005584717,2.4180412292480469E-003,0.000000000000000
250,750,1500,0.1204299926757813,4.8999786376953125E-003,0.000000000000000
500,750,1500,0.1245901584625244,9.3050003051757813E-003,0.000000000000000
750,750,1500,0.1452357769012451,1.6016006469726563E-002,0.000000000000000
1000,750,1500,0.1548981666564941,2.0725011825561523E-002,0.000000000000000
1500,750,1500,0.1589820384979248,2.9807090759277344E-002,0.000000000000000
2000,750,1500,0.1711790561676025,3.9250135421752930E-002,0.000000000000000
3000,750,1500,0.1954278945922852,5.7834863662719727E-002,0.000000000000000
5000,750,1500,0.2349600791931152,9.7240924835205078E-002,0.000000000000000
100,1000,1500,0.1326181888580322,5.2361488342285156E-003,0.000000000000000
250,1000,1500,0.1338980197906494,8.3920955657958984E-003,0.000000000000000
500,1000,1500,0.1414010524749756,1.4374971389770508E-002,0.000000000000000
750,1000,1500,0.1524100303649902,1.9950866699218750E-002,0.000000000000000
1000,1000,1500,0.1544280052185059,2.6292800903320313E-002,0.000000000000000
1500,1000,1500,0.1681921482086182,3.8414001464843750E-002,0.000000000000000
2000,1000,1500,0.1788809299468994,4.9863100051879883E-002,0.000000000000000
3000,1000,1500,0.2053680419921875,7.7887058258056641E-002,0.000000000000000
5000,1000,1500,0.2583189010620117,0.1326401233673096,0.000000000000000
100,1500,1500,0.1366360187530518,7.0898532867431641E-003,0.000000000000000
250,1500,1500,0.1341271400451660,1.0569095611572266E-002,0.000000000000000
500,1500,1500,0.1481368541717529,1.7988920211791992E-002,0.000000000000000
750,1500,1500,0.1523230075836182,2.3787021636962891E-002,0.000000000000000
1000,1500,1500,0.1635649204254150,3.0900955200195313E-002,0.000000000000000
1500,1500,1500,0.1863880157470703,4.7719001770019531E-002,0.000000000000000
2000,1500,1500,0.2106847763061523,7.3812007904052734E-002,0.000000000000000
3000,1500,1500,0.2455139160156250,0.1278691291809082,0.000000000000000
5000,1500,1500,0.3297610282897949,0.2310709953308105,0.000000000000000
100,2000,1500,0.1325941085815430,9.9160671234130859E-003,0.000000000000000
250,2000,1500,0.1445651054382324,1.4799118041992188E-002,0.000000000000000
500,2000,1500,0.1511790752410889,2.5899171829223633E-002,0.000000000000000
750,2000,1500,0.1700220108032227,3.7245988845825195E-002,0.000000000000000
1000,2000,1500,0.1774070262908936,4.7328948974609375E-002,0.000000000000000
1500,2000,1500,0.2021069526672363,6.4465045928955078E-002,0.000000000000000
2000,2000,1500,0.2116360664367676,9.1888904571533203E-002,0.000000000000000
3000,2000,1500,0.2667889595031738,0.1272220611572266,0.000000000000000
5000,2000,1500,0.3110499382019043,0.1870470046997070,0.000000000000000
100,3000,1500,0.1208009719848633,9.8230838775634766E-003,0.000000000000000
250,3000,1500,0.1523649692535400,1.8794059753417969E-002,0.000000000000000
500,3000,1500,0.1796579360961914,3.1769037246704102E-002,0.000000000000000
750,3000,1500,0.2049551010131836,5.2488088607788086E-002,0.000000000000000
1000,3000,1500,0.2362549304962158,8.5704088211059570E-002,0.000000000000000
1500,3000,1500,0.2878661155700684,0.1415839195251465,0.000000000000000
2000,3000,1500,0.3392779827117920,0.1964161396026611,0.000000000000000
3000,3000,1500,0.4410748481750488,0.3280200958251953,0.000000000000000
5000,3000,1500,0.6237039566040039,0.5315279960632324,0.000000000000000
100,5000,1500,0.1132650375366211,1.3403892517089844E-002,0.000000000000000
250,5000,1500,0.1785900592803955,2.9514789581298828E-002,0.000000000000000
500,5000,1500,0.1869201660156250,6.0768842697143555E-002,0.000000000000000
750,5000,1500,0.2606041431427002,0.1136500835418701,0.000000000000000
1000,5000,1500,0.3251028060913086,0.1664519309997559,0.000000000000000
1500,5000,1500,0.3687119483947754,0.2637350559234619,0.000000000000000
2000,5000,1500,0.4964530467987061,0.3677210807800293,0.000000000000000
3000,5000,1500,0.6867289543151855,0.5805590152740479,0.000000000000000
5000,5000,1500,1.039504051208496,1.017717123031616,0.000000000000000
100,100,2000,9.7730875015258789E-002,1.3558864593505859E-003,0.000000000000000
250,100,2000,0.1194748878479004,4.1360855102539063E-003,0.000000000000000
500,100,2000,0.1367950439453125,1.0537147521972656E-002,0.000000000000000
750,100,2000,0.1274189949035645,9.1810226440429688E-003,0.000000000000000
1000,100,2000,0.1377191543579102,1.6278982162475586E-002,0.000000000000000
1500,100,2000,0.1536240577697754,2.4075984954833984E-002,0.000000000000000
2000,100,2000,0.1471459865570068,2.5270223617553711E-002,0.000000000000000
3000,100,2000,0.1464161872863770,2.7180910110473633E-002,0.000000000000000
5000,100,2000,0.1504299640655518,4.4775962829589844E-002,0.000000000000000
100,250,2000,0.1122429370880127,2.3040771484375000E-003,0.000000000000000
250,250,2000,0.1115200519561768,3.6158561706542969E-003,0.000000000000000
500,250,2000,0.1232280731201172,8.1009864807128906E-003,0.000000000000000
750,250,2000,0.1301441192626953,1.1032819747924805E-002,0.000000000000000
1000,250,2000,0.1406810283660889,1.8004894256591797E-002,0.000000000000000
1500,250,2000,0.1516890525817871,2.8316974639892578E-002,0.000000000000000
2000,250,2000,0.1594269275665283,2.8143882751464844E-002,0.000000000000000
3000,250,2000,0.1633641719818115,4.3051958084106445E-002,0.000000000000000
5000,250,2000,0.1854901313781738,7.2936058044433594E-002,0.000000000000000
100,500,2000,0.1316671371459961,4.5158863067626953E-003,0.000000000000000
250,500,2000,0.1155018806457520,4.5769214630126953E-003,0.000000000000000
500,500,2000,0.1062278747558594,7.9309940338134766E-003,0.000000000000000
750,500,2000,0.1328401565551758,1.4811992645263672E-002,0.000000000000000
1000,500,2000,0.1486289501190186,1.8035888671875000E-002,0.000000000000000
1500,500,2000,0.1218698024749756,2.1540164947509766E-002,0.000000000000000
2000,500,2000,0.1504671573638916,3.6165952682495117E-002,0.000000000000000
3000,500,2000,0.1984610557556152,6.6154956817626953E-002,0.000000000000000
5000,500,2000,0.2490489482879639,0.1096098423004150,0.000000000000000
100,750,2000,0.1357119083404541,5.1600933074951172E-003,0.000000000000000
250,750,2000,0.1352770328521729,8.3160400390625000E-003,0.000000000000000
500,750,2000,0.1470370292663574,1.4984846115112305E-002,0.000000000000000
750,750,2000,0.1547529697418213,2.1080970764160156E-002,0.000000000000000
1000,750,2000,0.1571300029754639,2.5489807128906250E-002,0.000000000000000
1500,750,2000,0.1603829860687256,3.9181947708129883E-002,0.000000000000000
2000,750,2000,0.1830351352691650,5.0961971282958984E-002,0.000000000000000
3000,750,2000,0.2119119167327881,7.6095104217529297E-002,0.000000000000000
5000,750,2000,0.2637810707092285,0.1315948963165283,0.000000000000000
100,1000,2000,0.1088941097259521,4.4658184051513672E-003,0.000000000000000
250,1000,2000,0.1217789649963379,8.8489055633544922E-003,0.000000000000000
500,1000,2000,0.1429219245910645,1.8560171127319336E-002,0.000000000000000
750,1000,2000,0.1557281017303467,2.6163101196289063E-002,0.000000000000000
1000,1000,2000,0.1680099964141846,3.4329175949096680E-002,0.000000000000000
1500,1000,2000,0.1814048290252686,4.9407005310058594E-002,0.000000000000000
2000,1000,2000,0.1975409984588623,6.6775083541870117E-002,0.000000000000000
3000,1000,2000,0.2345750331878662,0.1126091480255127,0.000000000000000
5000,1000,2000,0.3040339946746826,0.1936919689178467,0.000000000000000
100,1500,2000,0.1346480846405029,8.5577964782714844E-003,0.000000000000000
250,1500,2000,0.1446478366851807,1.3186931610107422E-002,0.000000000000000
500,1500,2000,0.1627359390258789,2.2615194320678711E-002,0.000000000000000
750,1500,2000,0.1789970397949219,3.2021999359130859E-002,0.000000000000000
1000,1500,2000,0.1920549869537354,4.4232130050659180E-002,0.000000000000000
1500,1500,2000,0.2343800067901611,8.3428144454956055E-002,0.000000000000000
2000,1500,2000,0.2702300548553467,0.1164588928222656,0.000000000000000
3000,1500,2000,0.3300900459289551,0.1931529045104980,0.000000000000000
5000,1500,2000,0.4606931209564209,0.3151149749755859,0.000000000000000
100,2000,2000,0.1182658672332764,9.5560550689697266E-003,0.000000000000000
250,2000,2000,0.1124310493469238,1.5063047409057617E-002,0.000000000000000
500,2000,2000,0.1488900184631348,3.0797958374023438E-002,0.000000000000000
750,2000,2000,0.1905519962310791,4.8207044601440430E-002,0.000000000000000
1000,2000,2000,0.2019231319427490,5.6458950042724609E-002,0.000000000000000
1500,2000,2000,0.2608070373535156,9.3465089797973633E-002,0.000000000000000
2000,2000,2000,0.2795369625091553,0.1231429576873779,0.000000000000000
3000,2000,2000,0.3631360530853271,0.1570370197296143,0.000000000000000
5000,2000,2000,0.4751989841461182,0.2622048854827881,0.000000000000000
100,3000,2000,0.1322100162506104,1.2135982513427734E-002,0.000000000000000
250,3000,2000,0.1610381603240967,2.5792121887207031E-002,0.000000000000000
500,3000,2000,0.1698710918426514,4.2142868041992188E-002,0.000000000000000
750,3000,2000,0.2263329029083252,9.2772006988525391E-002,0.000000000000000
1000,3000,2000,0.2841939926147461,0.1316888332366943,0.000000000000000
1500,3000,2000,0.3344728946685791,0.2039361000061035,0.000000000000000
2000,3000,2000,0.4317221641540527,0.2796688079833984,0.000000000000000
3000,3000,2000,0.5572619438171387,0.4448969364166260,0.000000000000000
5000,3000,2000,0.8063809871673584,0.7762460708618164,0.000000000000000
100,5000,2000,0.1588900089263916,2.6077985763549805E-002,0.000000000000000
250,5000,2000,0.2095749378204346,4.3672084808349609E-002,0.000000000000000
500,5000,2000,0.2597808837890625,0.1010091304779053,0.000000000000000
750,5000,2000,0.3300631046295166,0.1701579093933105,0.000000000000000
1000,5000,2000,0.3912460803985596,0.2314438819885254,0.000000000000000
1500,5000,2000,0.5101301670074463,0.3693439960479736,0.000000000000000
2000,5000,2000,0.6067931652069092,0.5207619667053223,0.000000000000000
3000,5000,2000,0.9250819683074951,0.8314960002899170,0.000000000000000
5000,5000,2000,1.418466091156006,1.430703878402710,0.000000000000000
100,100,3000,0.1143069267272949,2.9718875885009766E-003,0.000000000000000
250,100,3000,0.1261699199676514,5.7899951934814453E-003,0.000000000000000
500,100,3000,0.1193950176239014,1.3515949249267578E-002,0.000000000000000
750,100,3000,0.1418600082397461,1.8396139144897461E-002,0.000000000000000
1000,100,3000,0.1193068027496338,1.4008998870849609E-002,0.000000000000000
1500,100,3000,0.1185710430145264,2.0210027694702148E-002,0.000000000000000
2000,100,3000,0.1440699100494385,3.8308143615722656E-002,0.000000000000000
3000,100,3000,0.2035310268402100,7.3248863220214844E-002,0.000000000000000
5000,100,3000,0.1782650947570801,6.6691875457763672E-002,0.000000000000000
100,250,3000,0.1170768737792969,3.5450458526611328E-003,0.000000000000000
250,250,3000,0.1325440406799316,9.7610950469970703E-003,0.000000000000000
500,250,3000,0.1431198120117188,1.4491081237792969E-002,0.000000000000000
750,250,3000,0.1146700382232666,1.2723922729492188E-002,0.000000000000000
1000,250,3000,0.1361320018768311,2.0861864089965820E-002,0.000000000000000
1500,250,3000,0.1617579460144043,3.1127929687500000E-002,0.000000000000000
2000,250,3000,0.1807839870452881,5.0890922546386719E-002,0.000000000000000
3000,250,3000,0.2099819183349609,8.2123041152954102E-002,0.000000000000000
5000,250,3000,0.2727708816528320,0.1321079730987549,0.000000000000000
100,500,3000,0.1255700588226318,6.0369968414306641E-003,0.000000000000000
250,500,3000,0.1173279285430908,6.5190792083740234E-003,0.000000000000000
500,500,3000,0.1276509761810303,1.4906167984008789E-002,0.000000000000000
750,500,3000,0.1615841388702393,2.1946907043457031E-002,0.000000000000000
1000,500,3000,0.1228652000427246,2.2033929824829102E-002,0.000000000000000
1500,500,3000,0.1599118709564209,4.3421030044555664E-002,0.000000000000000
2000,500,3000,0.1523251533508301,4.2668104171752930E-002,0.000000000000000
3000,500,3000,0.2166650295257568,9.9920034408569336E-002,0.000000000000000
5000,500,3000,0.2199521064758301,0.1135571002960205,0.000000000000000
100,750,3000,0.1205730438232422,5.6450366973876953E-003,0.000000000000000
250,750,3000,0.1419360637664795,1.3340950012207031E-002,0.000000000000000
500,750,3000,0.1528320312500000,1.7132043838500977E-002,0.000000000000000
750,750,3000,0.1493840217590332,2.5086879730224609E-002,0.000000000000000
1000,750,3000,0.1641211509704590,3.5048007965087891E-002,0.000000000000000
1500,750,3000,0.2192471027374268,5.9283018112182617E-002,0.000000000000000
2000,750,3000,0.1876831054687500,5.2830934524536133E-002,0.000000000000000
3000,750,3000,0.2329249382019043,0.1316528320312500,0.000000000000000
5000,750,3000,0.3938310146331787,0.2044560909271240,0.000000000000000
100,1000,3000,0.1058518886566162,6.1180591583251953E-003,0.000000000000000
250,1000,3000,0.1295950412750244,1.2900829315185547E-002,0.000000000000000
500,1000,3000,0.1344339847564697,1.9363164901733398E-002,0.000000000000000
750,1000,3000,0.1683220863342285,3.6586999893188477E-002,0.000000000000000
1000,1000,3000,0.1956629753112793,5.0666809082031250E-002,0.000000000000000
1500,1000,3000,0.1937670707702637,6.7156076431274414E-002,0.000000000000000
2000,1000,3000,0.2458240985870361,0.1047050952911377,0.000000000000000
3000,1000,3000,0.3438510894775391,0.1983618736267090,0.000000000000000
5000,1000,3000,0.4861779212951660,0.2959220409393311,0.000000000000000
100,1500,3000,0.1273581981658936,1.0850191116333008E-002,0.000000000000000
250,1500,3000,0.1603441238403320,2.0390033721923828E-002,0.000000000000000
500,1500,3000,0.1916971206665039,3.3243179321289063E-002,0.000000000000000
750,1500,3000,0.1827700138092041,4.3151140213012695E-002,0.000000000000000
1000,1500,3000,0.2020070552825928,6.8018913269042969E-002,0.000000000000000
1500,1500,3000,0.2940011024475098,0.1543021202087402,0.000000000000000
2000,1500,3000,0.3591551780700684,0.1898291110992432,0.000000000000000
3000,1500,3000,0.4793040752410889,0.3190090656280518,0.000000000000000
5000,1500,3000,0.6364791393280029,0.5542640686035156,0.000000000000000
100,2000,3000,0.1096668243408203,1.2639045715332031E-002,0.000000000000000
250,2000,3000,0.1492791175842285,2.9587984085083008E-002,0.000000000000000
500,2000,3000,0.2102680206298828,5.7039022445678711E-002,0.000000000000000
750,2000,3000,0.2284049987792969,8.3005189895629883E-002,0.000000000000000
1000,2000,3000,0.2623069286346436,0.1309480667114258,0.000000000000000
1500,2000,3000,0.3547649383544922,0.2142250537872314,0.000000000000000
2000,2000,3000,0.3688380718231201,0.2584288120269775,0.000000000000000
3000,2000,3000,0.5229709148406982,0.4209721088409424,0.000000000000000
5000,2000,3000,0.8002569675445557,0.7253820896148682,0.000000000000000
100,3000,3000,0.1219451427459717,1.5924930572509766E-002,0.000000000000000
250,3000,3000,0.1763739585876465,3.0786037445068359E-002,0.000000000000000
500,3000,3000,0.2349081039428711,8.3003997802734375E-002,0.000000000000000
750,3000,3000,0.2959711551666260,0.1544599533081055,0.000000000000000
1000,3000,3000,0.3299651145935059,0.1984591484069824,0.000000000000000
1500,3000,3000,0.4410889148712158,0.3249969482421875,0.000000000000000
2000,3000,3000,0.5564668178558350,0.4513928890228271,0.000000000000000
3000,3000,3000,0.8292200565338135,0.7254130840301514,0.000000000000000
5000,3000,3000,1.262993812561035,1.264957189559937,0.000000000000000
100,5000,3000,0.1631109714508057,2.9314994812011719E-002,0.000000000000000
250,5000,3000,0.2445409297943115,7.3559999465942383E-002,0.000000000000000
500,5000,3000,0.3194308280944824,0.1600079536437988,0.000000000000000
750,5000,3000,0.4205780029296875,0.2676899433135986,0.000000000000000
1000,5000,3000,0.5154809951782227,0.3713169097900391,0.000000000000000
1500,5000,3000,0.6984229087829590,0.5985910892486572,0.000000000000000
2000,5000,3000,0.9204099178314209,0.8305878639221191,0.000000000000000
3000,5000,3000,1.298871040344238,1.301831960678101,0.000000000000000
5000,5000,3000,2.143345832824707,2.279800891876221,0.000000000000000
100,100,5000,0.1199002265930176,5.6500434875488281E-003,0.000000000000000
250,100,5000,0.1393530368804932,1.3554096221923828E-002,0.000000000000000
500,100,5000,0.1474897861480713,2.5712966918945313E-002,0.000000000000000
750,100,5000,0.1594460010528564,3.1809091567993164E-002,0.000000000000000
1000,100,5000,0.1687800884246826,4.0614128112792969E-002,0.000000000000000
1500,100,5000,0.1927938461303711,6.0507059097290039E-002,0.000000000000000
2000,100,5000,0.2126171588897705,8.0083847045898438E-002,0.000000000000000
3000,100,5000,0.1804969310760498,6.7803859710693359E-002,0.000000000000000
5000,100,5000,0.3144221305847168,0.1757550239562988,0.000000000000000
100,250,5000,0.1179280281066895,5.9919357299804688E-003,0.000000000000000
250,250,5000,0.1427049636840820,1.5988111495971680E-002,0.000000000000000
500,250,5000,0.1371591091156006,2.1916866302490234E-002,0.000000000000000
750,250,5000,0.1695308685302734,3.5748004913330078E-002,0.000000000000000
1000,250,5000,0.1823759078979492,4.6853065490722656E-002,0.000000000000000
1500,250,5000,0.2005329132080078,5.1285028457641602E-002,0.000000000000000
2000,250,5000,0.1907379627227783,6.8390846252441406E-002,0.000000000000000
3000,250,5000,0.2770760059356689,0.1352560520172119,0.000000000000000
5000,250,5000,0.2946271896362305,0.1346790790557861,0.000000000000000
100,500,5000,0.1214010715484619,7.7149868011474609E-003,0.000000000000000
250,500,5000,0.1196649074554443,1.0925054550170898E-002,0.000000000000000
500,500,5000,0.1519169807434082,2.3598909378051758E-002,0.000000000000000
750,500,5000,0.1519150733947754,2.7922153472900391E-002,0.000000000000000
1000,500,5000,0.1660361289978027,3.7491798400878906E-002,0.000000000000000
1500,500,5000,0.2243249416351318,7.8140974044799805E-002,0.000000000000000
2000,500,5000,0.2987999916076660,0.1181819438934326,0.000000000000000
3000,500,5000,0.3846809864044189,0.1714739799499512,0.000000000000000
5000,500,5000,0.4742460250854492,0.2560019493103027,0.000000000000000
100,750,5000,0.1275641918182373,8.6858272552490234E-003,0.000000000000000
250,750,5000,0.1593410968780518,2.0514011383056641E-002,0.000000000000000
500,750,5000,0.1621150970458984,2.4446964263916016E-002,0.000000000000000
750,750,5000,0.1984961032867432,4.7274112701416016E-002,0.000000000000000
1000,750,5000,0.2603139877319336,6.7503929138183594E-002,0.000000000000000
1500,750,5000,0.2579128742218018,8.5747003555297852E-002,0.000000000000000
2000,750,5000,0.3656311035156250,0.1665461063385010,0.000000000000000
3000,750,5000,0.4661610126495361,0.2374949455261230,0.000000000000000
5000,750,5000,0.6609921455383301,0.4336230754852295,0.000000000000000
100,1000,5000,0.1245508193969727,1.1795997619628906E-002,0.000000000000000
250,1000,5000,0.1578190326690674,2.6580095291137695E-002,0.000000000000000
500,1000,5000,0.1884958744049072,3.7125110626220703E-002,0.000000000000000
750,1000,5000,0.2450740337371826,6.8238019943237305E-002,0.000000000000000
1000,1000,5000,0.2342820167541504,7.8552007675170898E-002,0.000000000000000
1500,1000,5000,0.3294899463653564,0.1440689563751221,0.000000000000000
2000,1000,5000,0.3591980934143066,0.2020099163055420,0.000000000000000
3000,1000,5000,0.5109128952026367,0.3410949707031250,0.000000000000000
5000,1000,5000,0.7568800449371338,0.5940558910369873,0.000000000000000
100,1500,5000,0.1399748325347900,1.5106916427612305E-002,0.000000000000000
250,1500,5000,0.1940441131591797,3.4050941467285156E-002,0.000000000000000
500,1500,5000,0.2002270221710205,5.5362939834594727E-002,0.000000000000000
750,1500,5000,0.2512261867523193,0.1069929599761963,0.000000000000000
1000,1500,5000,0.3452310562133789,0.1789619922637939,0.000000000000000
1500,1500,5000,0.4661281108856201,0.2766091823577881,0.000000000000000
2000,1500,5000,0.5631599426269531,0.3839449882507324,0.000000000000000
3000,1500,5000,0.7300558090209961,0.6203539371490479,0.000000000000000
5000,1500,5000,1.117718935012817,1.072035074234009,0.000000000000000
100,2000,5000,0.1247258186340332,2.2376060485839844E-002,0.000000000000000
250,2000,5000,0.1659891605377197,4.0235996246337891E-002,0.000000000000000
500,2000,5000,0.2248051166534424,9.3897104263305664E-002,0.000000000000000
750,2000,5000,0.3136739730834961,0.1718368530273438,0.000000000000000
1000,2000,5000,0.3761560916900635,0.2440710067749023,0.000000000000000
1500,2000,5000,0.4924798011779785,0.3569068908691406,0.000000000000000
2000,2000,5000,0.5780489444732666,0.4880330562591553,0.000000000000000
3000,2000,5000,0.8146390914916992,0.7804930210113525,0.000000000000000
5000,2000,5000,1.308912038803101,1.325803995132446,0.000000000000000
100,3000,5000,0.1668109893798828,3.5006999969482422E-002,0.000000000000000
250,3000,5000,0.2299358844757080,7.0382118225097656E-002,0.000000000000000
500,3000,5000,0.3574640750885010,0.1693279743194580,0.000000000000000
750,3000,5000,0.4637460708618164,0.2714588642120361,0.000000000000000
1000,3000,5000,0.5059881210327148,0.3702251911163330,0.000000000000000
1500,3000,5000,0.7270498275756836,0.5994210243225098,0.000000000000000
2000,3000,5000,0.9413049221038818,0.8275339603424072,0.000000000000000
3000,3000,5000,1.321199178695679,1.308853149414063,0.000000000000000
5000,3000,5000,2.123955965042114,2.264837026596069,0.000000000000000
100,5000,5000,0.2114589214324951,4.9785852432250977E-002,0.000000000000000
250,5000,5000,0.3020660877227783,0.1243131160736084,0.000000000000000
500,5000,5000,0.4524071216583252,0.2900848388671875,0.000000000000000
750,5000,5000,0.6415801048278809,0.4827089309692383,0.000000000000000
1000,5000,5000,0.8393170833587646,0.6669750213623047,0.000000000000000
1500,5000,5000,1.169605970382690,1.049270153045654,0.000000000000000
2000,5000,5000,1.467696905136108,1.449001073837280,0.000000000000000
3000,5000,5000,2.167141914367676,2.322280883789063,0.000000000000000
5000,5000,5000,3.554267883300781,3.985921144485474,0.000000000000000
