m,n,k,time_cpu,time_gpu,max_error
100,100,100,5.8197975158691406E-004
2.8421709430404007E-014,0.1702349185943604
2.8421709430404007E-014,2.8421709430404007E-014
250,100,100,1.3778209686279297E-003
3.1974423109204508E-014,0.1308701038360596
3.1974423109204508E-014,3.1974423109204508E-014
500,100,100,3.8809776306152344E-003
3.5527136788005009E-014,0.1304309368133545
3.5527136788005009E-014,3.5527136788005009E-014
750,100,100,5.9039592742919922E-003
3.1974423109204508E-014,0.1314718723297119
3.1974423109204508E-014,3.1974423109204508E-014
1000,100,100,7.7309608459472656E-003
3.5527136788005009E-014,0.1339049339294434
3.5527136788005009E-014,3.5527136788005009E-014
1500,100,100,1.1559009552001953E-002
3.5527136788005009E-014,0.1294350624084473
3.5527136788005009E-014,3.5527136788005009E-014
2000,100,100,1.5127182006835938E-002
3.5527136788005009E-014,0.1327669620513916
3.5527136788005009E-014,3.5527136788005009E-014
3000,100,100,2.3399829864501953E-002
3.5527136788005009E-014,0.1322340965270996
3.5527136788005009E-014,3.5527136788005009E-014
5000,100,100,3.9296865463256836E-002
3.5527136788005009E-014,0.1370909214019775
3.5527136788005009E-014,3.5527136788005009E-014
100,250,100,1.1990070343017578E-003
9.9475983006414026E-014,0.1326539516448975
9.9475983006414026E-014,9.9475983006414026E-014
250,250,100,4.2510032653808594E-003
1.2079226507921703E-013,0.1313719749450684
1.2079226507921703E-013,1.2079226507921703E-013
500,250,100,8.6178779602050781E-003
1.1368683772161603E-013,0.1289978027343750
1.1368683772161603E-013,1.1368683772161603E-013
750,250,100,1.2923955917358398E-002
1.5631940186722204E-013,0.1272728443145752
1.5631940186722204E-013,1.5631940186722204E-013
1000,250,100,1.7397880554199219E-002
1.2789769243681803E-013,0.1345481872558594
1.2789769243681803E-013,1.2789769243681803E-013
1500,250,100,2.6036024093627930E-002
1.5631940186722204E-013,0.1323699951171875
1.5631940186722204E-013,1.5631940186722204E-013
2000,250,100,3.0392885208129883E-002
1.2789769243681803E-013,0.1363949775695801
1.2789769243681803E-013,1.2789769243681803E-013
3000,250,100,5.2291870117187500E-002
1.2789769243681803E-013,0.1243669986724854
1.2789769243681803E-013,1.2789769243681803E-013
5000,250,100,8.7355136871337891E-002
1.2789769243681803E-013,0.1391191482543945
1.2789769243681803E-013,1.2789769243681803E-013
100,500,100,2.9721260070800781E-003
3.1263880373444408E-013,0.1282219886779785
3.1263880373444408E-013,3.1263880373444408E-013
250,500,100,7.7111721038818359E-003
2.9842794901924208E-013,0.1287429332733154
2.9842794901924208E-013,2.9842794901924208E-013
500,500,100,1.5389919281005859E-002
3.4106051316484809E-013,0.1340799331665039
3.4106051316484809E-013,3.4106051316484809E-013
750,500,100,2.3332118988037109E-002
3.1263880373444408E-013,0.1332638263702393
3.1263880373444408E-013,3.1263880373444408E-013
1000,500,100,3.0741930007934570E-002
3.4106051316484809E-013,0.1290800571441650
3.4106051316484809E-013,3.4106051316484809E-013
1500,500,100,4.6241044998168945E-002
3.4106051316484809E-013,0.1399948596954346
3.4106051316484809E-013,3.4106051316484809E-013
2000,500,100,9.5796108245849609E-002
3.4106051316484809E-013,0.1350920200347900
3.4106051316484809E-013,3.4106051316484809E-013
3000,500,100,9.3235015869140625E-002
3.6948222259525210E-013,0.1337978839874268
3.6948222259525210E-013,3.6948222259525210E-013
5000,500,100,0.1588029861450195
3.9790393202565610E-013,0.1212270259857178
3.9790393202565610E-013,3.9790393202565610E-013
100,750,100,6.1011314392089844E-003
6.8212102632969618E-013,0.1172580718994141
6.8212102632969618E-013,6.8212102632969618E-013
250,750,100,1.5865087509155273E-002
5.9685589803848416E-013,0.1292588710784912
5.9685589803848416E-013,5.9685589803848416E-013
500,750,100,3.2325983047485352E-002
6.5369931689929217E-013,0.1347701549530029
6.5369931689929217E-013,6.5369931689929217E-013
750,750,100,4.8813819885253906E-002
6.5369931689929217E-013,0.1361098289489746
6.5369931689929217E-013,6.5369931689929217E-013
1000,750,100,6.5373182296752930E-002
6.8212102632969618E-013,0.1332950592041016
6.8212102632969618E-013,6.8212102632969618E-013
1500,750,100,9.7259044647216797E-002
6.8212102632969618E-013,0.1329720020294189
6.8212102632969618E-013,6.8212102632969618E-013
2000,750,100,0.1662828922271729
8.2422957348171622E-013,0.1351480484008789
8.2422957348171622E-013,8.2422957348171622E-013
3000,750,100,0.1927640438079834
7.3896444519050419E-013,0.1179690361022949
7.3896444519050419E-013,7.3896444519050419E-013
5000,750,100,0.3379888534545898
7.6738615462090820E-013,0.1273279190063477
7.6738615462090820E-013,7.6738615462090820E-013
100,1000,100,8.6688995361328125E-003
9.0949470177292824E-013,0.1283090114593506
9.0949470177292824E-013,9.0949470177292824E-013
250,1000,100,2.2548913955688477E-002
8.5265128291212022E-013,0.1312708854675293
8.5265128291212022E-013,8.5265128291212022E-013
500,1000,100,4.5191049575805664E-002
8.5265128291212022E-013,0.1189181804656982
8.5265128291212022E-013,8.5265128291212022E-013
750,1000,100,6.7794084548950195E-002
9.6633812063373625E-013,0.1130340099334717
9.6633812063373625E-013,9.6633812063373625E-013
1000,1000,100,9.2766046524047852E-002
1.0231815394945443E-012,0.1136729717254639
1.0231815394945443E-012,1.0231815394945443E-012
1500,1000,100,9.1749906539916992E-002
1.0231815394945443E-012,0.1030559539794922
1.0231815394945443E-012,1.0231815394945443E-012
2000,1000,100,0.2492170333862305
9.6633812063373625E-013,0.1169610023498535
9.6633812063373625E-013,9.6633812063373625E-013
3000,1000,100,0.1816511154174805
1.0231815394945443E-012,0.1045210361480713
1.0231815394945443E-012,1.0231815394945443E-012
5000,1000,100,0.4222660064697266
1.0231815394945443E-012,0.1234111785888672
1.0231815394945443E-012,1.0231815394945443E-012
100,1500,100,1.3180017471313477E-002
1.7053025658242404E-012,0.1139228343963623
1.7053025658242404E-012,1.7053025658242404E-012
250,1500,100,3.5409212112426758E-002
1.7053025658242404E-012,0.1186439990997314
1.7053025658242404E-012,1.7053025658242404E-012
500,1500,100,6.8732023239135742E-002
1.9326762412674725E-012,0.1216950416564941
1.9326762412674725E-012,1.9326762412674725E-012
750,1500,100,0.1067030429840088
1.9326762412674725E-012,0.1230199337005615
1.9326762412674725E-012,1.9326762412674725E-012
1000,1500,100,0.2348058223724365
1.8758328224066645E-012,0.1192631721496582
1.8758328224066645E-012,1.8758328224066645E-012
1500,1500,100,0.2124519348144531
2.1600499167107046E-012,0.1365950107574463
2.1600499167107046E-012,2.1600499167107046E-012
2000,1500,100,0.4981272220611572
1.9326762412674725E-012,0.1414241790771484
1.9326762412674725E-012,1.9326762412674725E-012
3000,1500,100,0.3027691841125488
2.0463630789890885E-012,0.1103129386901855
2.0463630789890885E-012,2.0463630789890885E-012
5000,1500,100,0.8671758174896240
2.3874235921539366E-012,0.1125178337097168
2.3874235921539366E-012,2.3874235921539366E-012
100,2000,100,1.2127161026000977E-002
2.1600499167107046E-012,0.1029858589172363
2.1600499167107046E-012,2.1600499167107046E-012
250,2000,100,3.0893087387084961E-002
2.3305801732931286E-012,0.1020009517669678
2.3305801732931286E-012,2.3305801732931286E-012
500,2000,100,0.1596851348876953
2.2737367544323206E-012,0.1167330741882324
2.2737367544323206E-012,2.2737367544323206E-012
750,2000,100,0.2063550949096680
2.8421709430404007E-012,0.1080548763275146
2.8421709430404007E-012,2.8421709430404007E-012
1000,2000,100,0.5655920505523682
2.6147972675971687E-012,0.1151142120361328
2.6147972675971687E-012,2.6147972675971687E-012
1500,2000,100,0.4855530261993408
2.8421709430404007E-012,0.1030888557434082
2.8421709430404007E-012,2.8421709430404007E-012
2000,2000,100,1.094473838806152
2.8421709430404007E-012,0.1332910060882568
2.8421709430404007E-012,2.8421709430404007E-012
3000,2000,100,1.143083095550537
2.7284841053187847E-012,0.1112971305847168
2.7284841053187847E-012,2.7284841053187847E-012
5000,2000,100,2.605860948562622
2.7853275241795927E-012,0.1433119773864746
2.7853275241795927E-012,2.7853275241795927E-012
100,3000,100,2.8879165649414063E-002
4.7748471843078732E-012,0.1333210468292236
4.7748471843078732E-012,4.7748471843078732E-012
250,3000,100,7.2484970092773438E-002
5.6843418860808015E-012,0.1321649551391602
5.6843418860808015E-012,5.6843418860808015E-012
500,3000,100,0.7939209938049316
6.1390892369672656E-012,0.1253302097320557
6.1390892369672656E-012,6.1390892369672656E-012
750,3000,100,0.9038090705871582
6.1390892369672656E-012,0.1234810352325439
6.1390892369672656E-012,6.1390892369672656E-012
1000,3000,100,1.341526985168457
5.7980287238024175E-012,0.1174960136413574
5.7980287238024175E-012,5.7980287238024175E-012
1500,3000,100,2.030652999877930
5.4569682106375694E-012,0.1251628398895264
5.4569682106375694E-012,5.4569682106375694E-012
2000,3000,100,2.552938938140869
5.7980287238024175E-012,0.1288449764251709
5.7980287238024175E-012,5.7980287238024175E-012
3000,3000,100,3.995096921920776
5.6843418860808015E-012,0.1323969364166260
5.6843418860808015E-012,5.6843418860808015E-012
5000,3000,100,7.150893926620483
5.7980287238024175E-012,0.1411008834838867
5.7980287238024175E-012,5.7980287238024175E-012
100,5000,100,4.4574975967407227E-002
1.1141310096718371E-011,0.1167981624603271
1.1141310096718371E-011,1.1141310096718371E-011
250,5000,100,0.2865569591522217
1.1368683772161603E-011,0.1376850605010986
1.1368683772161603E-011,1.1368683772161603E-011
500,5000,100,1.159478902816772
1.1368683772161603E-011,0.1163849830627441
1.1368683772161603E-011,1.1368683772161603E-011
750,5000,100,1.702744007110596
1.1823431123048067E-011,0.1246070861816406
1.1823431123048067E-011,1.1823431123048067E-011
1000,5000,100,2.922934055328369
1.1823431123048067E-011,0.1228830814361572
1.1823431123048067E-011,1.1823431123048067E-011
1500,5000,100,3.606037139892578
1.2732925824820995E-011,0.1298420429229736
1.2732925824820995E-011,1.2732925824820995E-011
2000,5000,100,4.796751022338867
1.2960299500264227E-011,0.1161589622497559
1.2960299500264227E-011,1.2960299500264227E-011
3000,5000,100,7.787826776504517
1.4324541552923620E-011,0.1227459907531738
1.4324541552923620E-011,1.4324541552923620E-011
5000,5000,100,13.82447600364685
1.3642420526593924E-011,0.1798121929168701
1.3642420526593924E-011,1.3642420526593924E-011
100,100,250,1.3029575347900391E-003
3.1974423109204508E-014,0.1117870807647705
3.1974423109204508E-014,3.1974423109204508E-014
250,100,250,3.3309459686279297E-003
3.1974423109204508E-014,0.1169610023498535
3.1974423109204508E-014,3.1974423109204508E-014
500,100,250,9.6430778503417969E-003
3.9079850466805510E-014,0.1204290390014648
3.9079850466805510E-014,3.9079850466805510E-014
750,100,250,9.9830627441406250E-003
3.9079850466805510E-014,0.1312479972839355
3.9079850466805510E-014,3.9079850466805510E-014
1000,100,250,1.9160985946655273E-002
3.1974423109204508E-014,0.1207149028778076
3.1974423109204508E-014,3.1974423109204508E-014
1500,100,250,2.9031991958618164E-002
3.5527136788005009E-014,0.1357378959655762
3.5527136788005009E-014,3.5527136788005009E-014
2000,100,250,2.5896072387695313E-002
3.9079850466805510E-014,0.1047298908233643
3.9079850466805510E-014,3.9079850466805510E-014
3000,100,250,5.7682991027832031E-002
3.5527136788005009E-014,0.1188449859619141
3.5527136788005009E-014,3.5527136788005009E-014
5000,100,250,9.7649812698364258E-002
3.9079850466805510E-014,0.1398351192474365
3.9079850466805510E-014,3.9079850466805510E-014
100,250,250,2.9659271240234375E-003
1.2789769243681803E-013,0.1289889812469482
1.2789769243681803E-013,1.2789769243681803E-013
250,250,250,1.0535001754760742E-002
1.1368683772161603E-013,0.1169281005859375
1.1368683772161603E-013,1.1368683772161603E-013
500,250,250,1.4414787292480469E-002
1.1368683772161603E-013,0.1107771396636963
1.1368683772161603E-013,1.1368683772161603E-013
750,250,250,3.1842947006225586E-002
1.2789769243681803E-013,0.1151280403137207
1.2789769243681803E-013,1.2789769243681803E-013
1000,250,250,4.2763948440551758E-002
1.2789769243681803E-013,0.1310482025146484
1.2789769243681803E-013,1.2789769243681803E-013
1500,250,250,4.3461084365844727E-002
1.2789769243681803E-013,0.1120650768280029
1.2789769243681803E-013,1.2789769243681803E-013
2000,250,250,8.5319995880126953E-002
1.4210854715202004E-013,0.1171560287475586
1.4210854715202004E-013,1.4210854715202004E-013
3000,250,250,0.1284239292144775
1.4210854715202004E-013,0.1362378597259521
1.4210854715202004E-013,1.4210854715202004E-013
5000,250,250,0.2149550914764404
1.5631940186722204E-013,0.1425559520721436
1.5631940186722204E-013,1.5631940186722204E-013
100,500,250,5.0079822540283203E-003
3.1263880373444408E-013,0.1002860069274902
3.1263880373444408E-013,3.1263880373444408E-013
250,500,250,2.0504951477050781E-002
3.9790393202565610E-013,0.1142709255218506
3.9790393202565610E-013,3.9790393202565610E-013
500,500,250,4.1887044906616211E-002
3.4106051316484809E-013,0.1160819530487061
3.4106051316484809E-013,3.4106051316484809E-013
750,500,250,4.2158842086791992E-002
3.5527136788005009E-013,0.1069769859313965
3.5527136788005009E-013,3.5527136788005009E-013
1000,500,250,8.2607030868530273E-002
3.6948222259525210E-013,0.1166949272155762
3.6948222259525210E-013,3.6948222259525210E-013
1500,500,250,0.1273169517517090
3.6948222259525210E-013,0.1321001052856445
3.6948222259525210E-013,3.6948222259525210E-013
2000,500,250,0.1649689674377441
3.6948222259525210E-013,0.1116988658905029
3.6948222259525210E-013,3.6948222259525210E-013
3000,500,250,0.2510719299316406
3.6948222259525210E-013,0.1205699443817139
3.6948222259525210E-013,3.6948222259525210E-013
5000,500,250,0.4318699836730957
3.6948222259525210E-013,0.1523559093475342
3.6948222259525210E-013,3.6948222259525210E-013
100,750,250,1.5820026397705078E-002
5.9685589803848416E-013,0.1129081249237061
5.9685589803848416E-013,5.9685589803848416E-013
250,750,250,4.3589115142822266E-002
6.5369931689929217E-013,0.1287689208984375
6.5369931689929217E-013,6.5369931689929217E-013
500,750,250,8.3460092544555664E-002
6.5369931689929217E-013,0.1166031360626221
6.5369931689929217E-013,6.5369931689929217E-013
750,750,250,8.4871053695678711E-002
7.1054273576010019E-013,0.1019220352172852
7.1054273576010019E-013,7.1054273576010019E-013
1000,750,250,0.1141698360443115
6.8212102632969618E-013,0.1026151180267334
6.8212102632969618E-013,6.8212102632969618E-013
1500,750,250,0.2576339244842529
7.1054273576010019E-013,0.1175258159637451
7.1054273576010019E-013,7.1054273576010019E-013
2000,750,250,0.4058659076690674
7.1054273576010019E-013,0.1362469196319580
7.1054273576010019E-013,7.1054273576010019E-013
3000,750,250,0.3342859745025635
7.6738615462090820E-013,0.1081750392913818
7.6738615462090820E-013,7.6738615462090820E-013
5000,750,250,0.5930850505828857
7.6738615462090820E-013,0.1140539646148682
7.6738615462090820E-013,7.6738615462090820E-013
100,1000,250,2.2561073303222656E-002
8.2422957348171622E-013,0.1135039329528809
8.2422957348171622E-013,8.2422957348171622E-013
250,1000,250,5.7832002639770508E-002
8.8107299234252423E-013,0.1125538349151611
8.8107299234252423E-013,8.8107299234252423E-013
500,1000,250,0.1204271316528320
1.0516032489249483E-012,0.1132202148437500
1.0516032489249483E-012,1.0516032489249483E-012
750,1000,250,0.1198441982269287
9.3791641120333225E-013,0.1105151176452637
9.3791641120333225E-013,9.3791641120333225E-013
1000,1000,250,0.1636769771575928
9.3791641120333225E-013,0.1035039424896240
9.3791641120333225E-013,9.3791641120333225E-013
1500,1000,250,0.3535108566284180
9.6633812063373625E-013,0.1175920963287354
9.6633812063373625E-013,9.6633812063373625E-013
2000,1000,250,0.5225830078125000
9.6633812063373625E-013,0.1377670764923096
9.6633812063373625E-013,9.6633812063373625E-013
3000,1000,250,0.4765219688415527
1.0231815394945443E-012,0.1094901561737061
1.0231815394945443E-012,1.0231815394945443E-012
5000,1000,250,0.8848521709442139
1.1368683772161603E-012,0.1144170761108398
1.1368683772161603E-012,1.1368683772161603E-012
100,1500,250,3.3851146697998047E-002
1.8758328224066645E-012,0.1138448715209961
1.8758328224066645E-012,1.8758328224066645E-012
250,1500,250,8.6339950561523438E-002
1.9326762412674725E-012,0.1189010143280029
1.9326762412674725E-012,1.9326762412674725E-012
500,1500,250,0.1186151504516602
2.2737367544323206E-012,0.1038630008697510
2.2737367544323206E-012,2.2737367544323206E-012
750,1500,250,0.2707459926605225
1.9895196601282805E-012,0.1256899833679199
1.9895196601282805E-012,1.9895196601282805E-012
1000,1500,250,0.5514690876007080
1.9895196601282805E-012,0.1047129631042480
1.9895196601282805E-012,1.9895196601282805E-012
1500,1500,250,0.5259969234466553
2.0463630789890885E-012,0.1245810985565186
2.0463630789890885E-012,2.0463630789890885E-012
2000,1500,250,0.9536252021789551
2.1032064978498966E-012,0.1264669895172119
2.1032064978498966E-012,2.1032064978498966E-012
3000,1500,250,0.9952549934387207
2.1600499167107046E-012,0.1363248825073242
2.1600499167107046E-012,2.1600499167107046E-012
5000,1500,250,2.964211940765381
2.1600499167107046E-012,0.1492800712585449
2.1600499167107046E-012,2.1600499167107046E-012
100,2000,250,4.7261953353881836E-002
2.3874235921539366E-012,0.1321990489959717
2.3874235921539366E-012,2.3874235921539366E-012
250,2000,250,0.1142389774322510
2.6147972675971687E-012,0.1184930801391602
2.6147972675971687E-012,2.6147972675971687E-012
500,2000,250,0.3984200954437256
2.6147972675971687E-012,0.1339352130889893
2.6147972675971687E-012,2.6147972675971687E-012
750,2000,250,0.6162521839141846
2.6716406864579767E-012,0.1389989852905273
2.6716406864579767E-012,2.6716406864579767E-012
1000,2000,250,1.070314884185791
2.6716406864579767E-012,0.1103830337524414
2.6716406864579767E-012,2.6716406864579767E-012
1500,2000,250,1.373584985733032
2.8990143619012088E-012,0.1386311054229736
2.8990143619012088E-012,2.8990143619012088E-012
2000,2000,250,2.406373023986816
2.6147972675971687E-012,0.1341750621795654
2.6147972675971687E-012,2.6147972675971687E-012
3000,2000,250,2.855100870132446
2.8990143619012088E-012,0.1279630661010742
2.8990143619012088E-012,2.8990143619012088E-012
5000,2000,250,6.071256160736084
2.8990143619012088E-012,0.1582148075103760
2.8990143619012088E-012,2.8990143619012088E-012
100,3000,250,7.0144891738891602E-002
5.1159076974727213E-012,0.1254410743713379
5.1159076974727213E-012,5.1159076974727213E-012
250,3000,250,0.1717460155487061
5.5706550483591855E-012,0.1382160186767578
5.5706550483591855E-012,5.5706550483591855E-012
500,3000,250,1.987738132476807
5.3432813729159534E-012,0.1306178569793701
5.3432813729159534E-012,5.3432813729159534E-012
750,3000,250,2.279799938201904
5.9117155615240335E-012,0.1418931484222412
5.9117155615240335E-012,5.9117155615240335E-012
1000,3000,250,2.853655099868774
5.7980287238024175E-012,0.1100559234619141
5.7980287238024175E-012,5.7980287238024175E-012
1500,3000,250,4.686330080032349
6.0254023992456496E-012,0.1275429725646973
6.0254023992456496E-012,6.0254023992456496E-012
2000,3000,250,6.178761005401611
6.1390892369672656E-012,0.1165888309478760
6.1390892369672656E-012,6.1390892369672656E-012
3000,3000,250,9.902066946029663
6.0254023992456496E-012,0.1268179416656494
6.0254023992456496E-012,6.0254023992456496E-012
5000,3000,250,17.44529318809509
5.9117155615240335E-012,0.1646039485931396
5.9117155615240335E-012,5.9117155615240335E-012
100,5000,250,0.1165258884429932
1.2278178473934531E-011,0.1412971019744873
1.2278178473934531E-011,1.2278178473934531E-011
250,5000,250,0.7563030719757080
1.1823431123048067E-011,0.1255159378051758
1.1823431123048067E-011,1.1823431123048067E-011
500,5000,250,2.880645036697388
1.1596057447604835E-011,0.1418440341949463
1.1596057447604835E-011,1.1596057447604835E-011
750,5000,250,4.100800991058350
1.2732925824820995E-011,0.1363399028778076
1.2732925824820995E-011,1.2732925824820995E-011
1000,5000,250,5.549544811248779
1.2960299500264227E-011,0.1317198276519775
1.2960299500264227E-011,1.2960299500264227E-011
1500,5000,250,8.761198997497559
1.2050804798491299E-011,0.1506898403167725
1.2050804798491299E-011,1.2050804798491299E-011
2000,5000,250,12.03247094154358
1.4324541552923620E-011,0.1459209918975830
1.4324541552923620E-011,1.4324541552923620E-011
3000,5000,250,19.48237514495850
1.3642420526593924E-011,0.1838529109954834
1.3642420526593924E-011,1.3642420526593924E-011
5000,5000,250,34.16201591491699
1.4551915228366852E-011,0.1891620159149170
1.4551915228366852E-011,1.4551915228366852E-011
100,100,500,2.6500225067138672E-003
3.5527136788005009E-014,0.1373391151428223
3.5527136788005009E-014,3.5527136788005009E-014
250,100,500,7.0841312408447266E-003
3.1974423109204508E-014,0.1302769184112549
3.1974423109204508E-014,3.1974423109204508E-014
500,100,500,1.9780874252319336E-002
3.9079850466805510E-014,0.1321377754211426
3.9079850466805510E-014,3.9079850466805510E-014
750,100,500,2.8857946395874023E-002
3.9079850466805510E-014,0.1336030960083008
3.9079850466805510E-014,3.9079850466805510E-014
1000,100,500,3.8658857345581055E-002
3.5527136788005009E-014,0.1379690170288086
3.5527136788005009E-014,3.5527136788005009E-014
1500,100,500,3.8987159729003906E-002
3.5527136788005009E-014,0.1140789985656738
3.5527136788005009E-014,3.5527136788005009E-014
2000,100,500,7.4186086654663086E-002
3.9079850466805510E-014,0.1211421489715576
3.9079850466805510E-014,3.9079850466805510E-014
3000,100,500,0.1169021129608154
3.5527136788005009E-014,0.1421790122985840
3.5527136788005009E-014,3.5527136788005009E-014
5000,100,500,0.1870679855346680
4.2632564145606011E-014,0.1526188850402832
4.2632564145606011E-014,4.2632564145606011E-014
100,250,500,6.5920352935791016E-003
1.2789769243681803E-013,0.1223320960998535
1.2789769243681803E-013,1.2789769243681803E-013
250,250,500,2.1026134490966797E-002
1.4210854715202004E-013,0.1234591007232666
1.4210854715202004E-013,1.4210854715202004E-013
500,250,500,4.2732954025268555E-002
1.2789769243681803E-013,0.1153597831726074
1.2789769243681803E-013,1.2789769243681803E-013
750,250,500,6.4178943634033203E-002
1.5631940186722204E-013,0.1275389194488525
1.5631940186722204E-013,1.5631940186722204E-013
1000,250,500,8.7835073471069336E-002
1.2789769243681803E-013,0.1372451782226563
1.2789769243681803E-013,1.2789769243681803E-013
1500,250,500,0.1317398548126221
1.4210854715202004E-013,0.1318600177764893
1.4210854715202004E-013,1.4210854715202004E-013
2000,250,500,0.1173160076141357
1.2789769243681803E-013,0.1068999767303467
1.2789769243681803E-013,1.2789769243681803E-013
3000,250,500,0.1732680797576904
1.4210854715202004E-013,0.1084799766540527
1.4210854715202004E-013,1.4210854715202004E-013
5000,250,500,0.2962379455566406
1.4210854715202004E-013,0.1507911682128906
1.4210854715202004E-013,1.4210854715202004E-013
100,500,500,1.5356063842773438E-002
3.6948222259525210E-013,0.1120519638061523
3.6948222259525210E-013,3.6948222259525210E-013
250,500,500,4.1585206985473633E-002
3.6948222259525210E-013,0.1127121448516846
3.6948222259525210E-013,3.6948222259525210E-013
500,500,500,8.7141990661621094E-002
3.5527136788005009E-013,0.1285359859466553
3.5527136788005009E-013,3.5527136788005009E-013
750,500,500,0.1289570331573486
3.4106051316484809E-013,0.1221420764923096
3.4106051316484809E-013,3.4106051316484809E-013
1000,500,500,0.1785418987274170
3.9790393202565610E-013,0.1370489597320557
3.9790393202565610E-013,3.9790393202565610E-013
1500,500,500,0.2547819614410400
3.6948222259525210E-013,0.1207418441772461
3.6948222259525210E-013,3.6948222259525210E-013
2000,500,500,0.5267920494079590
3.6948222259525210E-013,0.1240921020507813
3.6948222259525210E-013,3.6948222259525210E-013
3000,500,500,0.3551740646362305
3.6948222259525210E-013,0.1264698505401611
3.6948222259525210E-013,3.6948222259525210E-013
5000,500,500,0.7195889949798584
3.9790393202565610E-013,0.1579880714416504
3.9790393202565610E-013,3.9790393202565610E-013
100,750,500,3.1972169876098633E-002
6.2527760746888816E-013,0.1149981021881104
6.2527760746888816E-013,6.2527760746888816E-013
250,750,500,8.3053112030029297E-002
7.3896444519050419E-013,0.1184928417205811
7.3896444519050419E-013,7.3896444519050419E-013
500,750,500,0.1688621044158936
6.8212102632969618E-013,0.1379210948944092
6.8212102632969618E-013,6.8212102632969618E-013
750,750,500,0.2585010528564453
7.1054273576010019E-013,0.1212739944458008
7.1054273576010019E-013,7.1054273576010019E-013
1000,750,500,0.3417248725891113
7.3896444519050419E-013,0.1198351383209229
7.3896444519050419E-013,7.3896444519050419E-013
1500,750,500,0.3405299186706543
7.6738615462090820E-013,0.1149539947509766
7.6738615462090820E-013,7.6738615462090820E-013
2000,750,500,0.8351252079010010
7.6738615462090820E-013,0.1363341808319092
7.6738615462090820E-013,7.6738615462090820E-013
3000,750,500,1.013779878616333
8.8107299234252423E-013,0.1577899456024170
8.8107299234252423E-013,8.8107299234252423E-013
5000,750,500,1.299834966659546
7.6738615462090820E-013,0.1479709148406982
7.6738615462090820E-013,7.6738615462090820E-013
100,1000,500,4.5186042785644531E-002
9.3791641120333225E-013,0.1126940250396729
9.3791641120333225E-013,9.3791641120333225E-013
250,1000,500,0.1180019378662109
9.0949470177292824E-013,0.1201698780059814
9.0949470177292824E-013,9.0949470177292824E-013
500,1000,500,0.2427458763122559
1.0231815394945443E-012,0.1340360641479492
1.0231815394945443E-012,1.0231815394945443E-012
750,1000,500,0.3678679466247559
9.9475983006414026E-013,0.1272468566894531
9.9475983006414026E-013,9.9475983006414026E-013
1000,1000,500,0.4865350723266602
1.0516032489249483E-012,0.1409449577331543
1.0516032489249483E-012,1.0516032489249483E-012
1500,1000,500,0.4877710342407227
9.9475983006414026E-013,0.1231560707092285
9.9475983006414026E-013,9.9475983006414026E-013
2000,1000,500,1.308591127395630
1.0231815394945443E-012,0.1280839443206787
1.0231815394945443E-012,1.0231815394945443E-012
3000,1000,500,0.9474909305572510
1.1084466677857563E-012,0.1175899505615234
1.1084466677857563E-012,1.1084466677857563E-012
5000,1000,500,2.710415124893188
1.1652900866465643E-012,0.1654999256134033
1.1652900866465643E-012,1.1652900866465643E-012
100,1500,500,6.7423820495605469E-002
1.8758328224066645E-012,0.1117608547210693
1.8758328224066645E-012,1.8758328224066645E-012
250,1500,500,0.1170349121093750
1.9895196601282805E-012,0.1053140163421631
1.9895196601282805E-012,1.9895196601282805E-012
500,1500,500,0.3533370494842529
2.2737367544323206E-012,0.1199769973754883
2.2737367544323206E-012,2.2737367544323206E-012
750,1500,500,0.3582789897918701
1.9895196601282805E-012,0.1276099681854248
1.9895196601282805E-012,1.9895196601282805E-012
1000,1500,500,1.092430114746094
2.2737367544323206E-012,0.1210548877716064
2.2737367544323206E-012,2.2737367544323206E-012
1500,1500,500,0.7193081378936768
2.1600499167107046E-012,0.1102869510650635
2.1600499167107046E-012,2.1600499167107046E-012
2000,1500,500,2.041939973831177
2.1032064978498966E-012,0.1306090354919434
2.1032064978498966E-012,2.1032064978498966E-012
3000,1500,500,1.546967983245850
2.2737367544323206E-012,0.1254189014434814
2.2737367544323206E-012,2.2737367544323206E-012
5000,1500,500,4.586573123931885
2.2168933355715126E-012,0.1649289131164551
2.2168933355715126E-012,2.2168933355715126E-012
100,2000,500,6.1635017395019531E-002
2.6147972675971687E-012,0.1024689674377441
2.6147972675971687E-012,2.6147972675971687E-012
250,2000,500,0.2160429954528809
2.5579538487363607E-012,0.1215169429779053
2.5579538487363607E-012,2.5579538487363607E-012
500,2000,500,0.7309789657592773
2.6716406864579767E-012,0.1237721443176270
2.6716406864579767E-012,2.6716406864579767E-012
750,2000,500,1.327817916870117
2.7853275241795927E-012,0.1267759799957275
2.7853275241795927E-012,2.7853275241795927E-012
1000,2000,500,2.879453897476196
2.7853275241795927E-012,0.1283121109008789
2.7853275241795927E-012,2.7853275241795927E-012
1500,2000,500,2.480140924453735
2.8990143619012088E-012,0.1522519588470459
2.8990143619012088E-012,2.8990143619012088E-012
2000,2000,500,4.736409902572632
2.8990143619012088E-012,0.1453199386596680
2.8990143619012088E-012,2.8990143619012088E-012
3000,2000,500,5.782109975814819
2.8990143619012088E-012,0.1609208583831787
2.8990143619012088E-012,2.8990143619012088E-012
5000,2000,500,12.14794588088989
3.0127011996228248E-012,0.1897938251495361
3.0127011996228248E-012,3.0127011996228248E-012
100,3000,500,0.1434829235076904
5.3432813729159534E-012,0.1142170429229736
5.3432813729159534E-012,5.3432813729159534E-012
250,3000,500,0.2477009296417236
5.3432813729159534E-012,0.1049590110778809
5.3432813729159534E-012,5.3432813729159534E-012
500,3000,500,2.678761005401611
5.5706550483591855E-012,0.1074249744415283
5.5706550483591855E-012,5.5706550483591855E-012
750,3000,500,4.100915908813477
5.7980287238024175E-012,0.1107668876647949
5.7980287238024175E-012,5.7980287238024175E-012
1000,3000,500,5.681247949600220
5.9117155615240335E-012,0.1321949958801270
5.9117155615240335E-012,5.9117155615240335E-012
1500,3000,500,9.248903989791870
6.0254023992456496E-012,0.1287429332733154
6.0254023992456496E-012,6.0254023992456496E-012
2000,3000,500,12.40598702430725
5.9117155615240335E-012,0.1481039524078369
5.9117155615240335E-012,5.9117155615240335E-012
3000,3000,500,19.86795091629028
6.1390892369672656E-012,0.1759750843048096
6.1390892369672656E-012,6.1390892369672656E-012
5000,3000,500,35.16071081161499
6.3664629124104977E-012,0.2493350505828857
6.3664629124104977E-012,6.3664629124104977E-012
100,5000,500,0.2390949726104736
1.2278178473934531E-011,0.1470000743865967
1.2278178473934531E-011,1.2278178473934531E-011
250,5000,500,1.158952951431274
1.1823431123048067E-011,0.1211390495300293
1.1823431123048067E-011,1.1823431123048067E-011
500,5000,500,5.218636989593506
1.2050804798491299E-011,0.1309249401092529
1.2050804798491299E-011,1.2050804798491299E-011
750,5000,500,8.800537824630737
1.2505552149377763E-011,0.1388421058654785
1.2505552149377763E-011,1.2505552149377763E-011
1000,5000,500,11.43364191055298
1.4324541552923620E-011,0.1637740135192871
1.4324541552923620E-011,1.4324541552923620E-011
1500,5000,500,17.76702904701233
1.3187673175707459E-011,0.1949269771575928
1.3187673175707459E-011,1.3187673175707459E-011
2000,5000,500,23.72833395004272
1.2278178473934531E-011,0.2190389633178711
1.2278178473934531E-011,1.2278178473934531E-011
3000,5000,500,38.64280891418457
1.3187673175707459E-011,0.2685909271240234
1.3187673175707459E-011,1.3187673175707459E-011
5000,5000,500,68.73264503479004
1.3642420526593924E-011,0.3185298442840576
1.3642420526593924E-011,1.3642420526593924E-011
100,100,750,4.1139125823974609E-003
3.5527136788005009E-014,0.1512708663940430
3.5527136788005009E-014,3.5527136788005009E-014
250,100,750,1.1150836944580078E-002
3.5527136788005009E-014,0.1300461292266846
3.5527136788005009E-014,3.5527136788005009E-014
500,100,750,2.9663085937500000E-002
3.5527136788005009E-014,0.1322469711303711
3.5527136788005009E-014,3.5527136788005009E-014
750,100,750,4.6326875686645508E-002
3.9079850466805510E-014,0.1378879547119141
3.9079850466805510E-014,3.9079850466805510E-014
1000,100,750,6.2319993972778320E-002
4.2632564145606011E-014,0.1341331005096436
4.2632564145606011E-014,4.2632564145606011E-014
1500,100,750,9.4487905502319336E-002
3.5527136788005009E-014,0.1398220062255859
3.5527136788005009E-014,3.5527136788005009E-014
2000,100,750,0.1187579631805420
3.5527136788005009E-014,0.1276819705963135
3.5527136788005009E-014,3.5527136788005009E-014
3000,100,750,0.1883378028869629
4.2632564145606011E-014,0.1484110355377197
4.2632564145606011E-014,4.2632564145606011E-014
5000,100,750,0.3187708854675293
4.2632564145606011E-014,0.1573009490966797
4.2632564145606011E-014,4.2632564145606011E-014
100,250,750,6.3660144805908203E-003
1.1368683772161603E-013,9.7645998001098633E-002
1.1368683772161603E-013,1.1368683772161603E-013
250,250,750,2.2391796112060547E-002
1.4210854715202004E-013,0.1005649566650391
1.4210854715202004E-013,1.4210854715202004E-013
500,250,750,6.5593957901000977E-002
1.2789769243681803E-013,0.1120920181274414
1.2789769243681803E-013,1.2789769243681803E-013
750,250,750,6.7054033279418945E-002
1.2789769243681803E-013,0.1094558238983154
1.2789769243681803E-013,1.2789769243681803E-013
1000,250,750,8.8587999343872070E-002
1.2789769243681803E-013,0.1077549457550049
1.2789769243681803E-013,1.2789769243681803E-013
1500,250,750,0.1969959735870361
1.5631940186722204E-013,0.1282389163970947
1.5631940186722204E-013,1.5631940186722204E-013
2000,250,750,0.2698719501495361
1.4210854715202004E-013,0.1212921142578125
1.4210854715202004E-013,1.4210854715202004E-013
3000,250,750,0.4310688972473145
1.4210854715202004E-013,0.1279621124267578
1.4210854715202004E-013,1.4210854715202004E-013
5000,250,750,0.4480710029602051
1.4210854715202004E-013,0.1221728324890137
1.4210854715202004E-013,1.4210854715202004E-013
100,500,750,2.2390842437744141E-002
3.1263880373444408E-013,0.1146540641784668
3.1263880373444408E-013,3.1263880373444408E-013
250,500,750,6.5421104431152344E-002
3.6948222259525210E-013,0.1262240409851074
3.6948222259525210E-013,3.6948222259525210E-013
500,500,750,0.1267209053039551
3.5527136788005009E-013,0.1197421550750732
3.5527136788005009E-013,3.5527136788005009E-013
750,500,750,0.1317420005798340
4.8316906031686813E-013,0.1065900325775146
4.8316906031686813E-013,4.8316906031686813E-013
1000,500,750,0.1745381355285645
3.9790393202565610E-013,0.1063089370727539
3.9790393202565610E-013,3.9790393202565610E-013
1500,500,750,0.3801100254058838
4.2632564145606011E-013,0.1272358894348145
4.2632564145606011E-013,4.2632564145606011E-013
2000,500,750,0.7699539661407471
3.6948222259525210E-013,0.1319508552551270
3.6948222259525210E-013,3.6948222259525210E-013
3000,500,750,0.7583909034729004
3.6948222259525210E-013,0.1361210346221924
3.6948222259525210E-013,3.6948222259525210E-013
5000,500,750,1.049994945526123
3.9790393202565610E-013,0.1496839523315430
3.9790393202565610E-013,3.9790393202565610E-013
100,750,750,4.9265146255493164E-002
7.3896444519050419E-013,0.1140859127044678
7.3896444519050419E-013,7.3896444519050419E-013
250,750,750,0.1280498504638672
7.1054273576010019E-013,0.1296880245208740
7.1054273576010019E-013,7.1054273576010019E-013
500,750,750,0.2519268989562988
7.1054273576010019E-013,0.1381759643554688
7.1054273576010019E-013,7.1054273576010019E-013
750,750,750,0.3846950531005859
7.3896444519050419E-013,0.1328060626983643
7.3896444519050419E-013,7.3896444519050419E-013
1000,750,750,0.3430550098419189
7.1054273576010019E-013,0.1067831516265869
7.1054273576010019E-013,7.1054273576010019E-013
1500,750,750,0.7620611190795898
7.6738615462090820E-013,0.1264550685882568
7.6738615462090820E-013,7.6738615462090820E-013
2000,750,750,0.9434869289398193
8.2422957348171622E-013,0.1481080055236816
8.2422957348171622E-013,8.2422957348171622E-013
3000,750,750,1.189718008041382
7.9580786405131221E-013,0.1366560459136963
7.9580786405131221E-013,7.9580786405131221E-013
5000,750,750,2.677303075790405
8.2422957348171622E-013,0.1522698402404785
8.2422957348171622E-013,8.2422957348171622E-013
100,1000,750,6.7964076995849609E-002
9.6633812063373625E-013,0.1131279468536377
9.6633812063373625E-013,9.6633812063373625E-013
250,1000,750,0.1178689002990723
9.0949470177292824E-013,0.1072080135345459
9.0949470177292824E-013,9.0949470177292824E-013
500,1000,750,0.2391412258148193
1.1084466677857563E-012,0.1047499179840088
1.1084466677857563E-012,1.1084466677857563E-012
750,1000,750,0.3591840267181396
1.1368683772161603E-012,0.1066491603851318
1.1368683772161603E-012,1.1368683772161603E-012
1000,1000,750,0.4937760829925537
1.0231815394945443E-012,0.1107161045074463
1.0231815394945443E-012,1.0231815394945443E-012
1500,1000,750,0.9345710277557373
1.0800249583553523E-012,0.1357138156890869
1.0800249583553523E-012,1.0800249583553523E-012
2000,1000,750,1.329991102218628
1.0231815394945443E-012,0.1362659931182861
1.0231815394945443E-012,1.0231815394945443E-012
3000,1000,750,1.564142942428589
1.0231815394945443E-012,0.1608350276947021
1.0231815394945443E-012,1.0231815394945443E-012
5000,1000,750,2.800693988800049
1.0800249583553523E-012,0.1635808944702148
1.0800249583553523E-012,1.0800249583553523E-012
100,1500,750,0.1024501323699951
2.0463630789890885E-012,0.1156601905822754
2.0463630789890885E-012,2.0463630789890885E-012
250,1500,750,0.2620301246643066
2.1032064978498966E-012,0.1181859970092773
2.1032064978498966E-012,2.1032064978498966E-012
500,1500,750,0.5341169834136963
2.1032064978498966E-012,0.1381180286407471
2.1032064978498966E-012,2.1032064978498966E-012
750,1500,750,0.5501070022583008
2.0463630789890885E-012,0.1094880104064941
2.0463630789890885E-012,2.0463630789890885E-012
1000,1500,750,1.628868818283081
2.0463630789890885E-012,0.1323509216308594
2.0463630789890885E-012,2.0463630789890885E-012
1500,1500,750,1.134402036666870
2.0463630789890885E-012,0.1366991996765137
2.0463630789890885E-012,2.0463630789890885E-012
2000,1500,750,2.451258182525635
2.2168933355715126E-012,0.1235370635986328
2.2168933355715126E-012,2.2168933355715126E-012
3000,1500,750,2.453609943389893
2.2737367544323206E-012,0.1481349468231201
2.2737367544323206E-012,2.2737367544323206E-012
5000,1500,750,6.438419103622437
2.2168933355715126E-012,0.1838040351867676
2.2168933355715126E-012,2.2168933355715126E-012
100,2000,750,9.9782943725585938E-002
2.9558577807620168E-012,0.1005678176879883
2.9558577807620168E-012,2.9558577807620168E-012
250,2000,750,0.2511639595031738
2.3874235921539366E-012,0.1025199890136719
2.3874235921539366E-012,2.3874235921539366E-012
500,2000,750,0.8287508487701416
2.6716406864579767E-012,0.1148209571838379
2.6716406864579767E-012,2.6716406864579767E-012
750,2000,750,1.576602935791016
2.7284841053187847E-012,0.1156408786773682
2.7284841053187847E-012,2.7284841053187847E-012
1000,2000,750,3.544937133789063
2.7284841053187847E-012,0.1397788524627686
2.7284841053187847E-012,2.7284841053187847E-012
1500,2000,750,4.283060073852539
2.8421709430404007E-012,0.1529779434204102
2.8421709430404007E-012,2.8421709430404007E-012
2000,2000,750,6.293237209320068
2.9558577807620168E-012,0.1396539211273193
2.9558577807620168E-012,2.9558577807620168E-012
3000,2000,750,8.910938978195190
3.1832314562052488E-012,0.1772980690002441
3.1832314562052488E-012,3.1832314562052488E-012
5000,2000,750,16.79203200340271
3.4106051316484809E-012,0.2217400074005127
3.4106051316484809E-012,3.4106051316484809E-012
100,3000,750,0.2435121536254883
5.6843418860808015E-012,0.1436049938201904
5.6843418860808015E-012,5.6843418860808015E-012
250,3000,750,0.5481708049774170
5.7980287238024175E-012,0.1354000568389893
5.7980287238024175E-012,5.7980287238024175E-012
500,3000,750,4.130649089813232
5.6843418860808015E-012,0.1447429656982422
5.6843418860808015E-012,5.6843418860808015E-012
750,3000,750,6.796470880508423
6.4801497501321137E-012,0.1394529342651367
6.4801497501321137E-012,6.4801497501321137E-012
1000,3000,750,8.641639947891235
6.0254023992456496E-012,0.1602799892425537
6.0254023992456496E-012,6.0254023992456496E-012
1500,3000,750,13.71890902519226
6.0254023992456496E-012,0.1643249988555908
6.0254023992456496E-012,6.0254023992456496E-012
2000,3000,750,19.19917893409729
6.2527760746888816E-012,0.2028000354766846
6.2527760746888816E-012,6.2527760746888816E-012
3000,3000,750,28.94922399520874
6.8212102632969618E-012,0.2426331043243408
6.8212102632969618E-012,6.8212102632969618E-012
5000,3000,750,51.43996500968933
7.1622707764618099E-012,0.3304998874664307
7.1622707764618099E-012,7.1622707764618099E-012
100,5000,750,0.4437630176544189
1.2050804798491299E-011,0.1657550334930420
1.2050804798491299E-011,1.2050804798491299E-011
250,5000,750,1.657257080078125
1.4551915228366852E-011,0.1554839611053467
1.4551915228366852E-011,1.4551915228366852E-011
500,5000,750,7.685487985610962
1.4097167877480388E-011,0.1499588489532471
1.4097167877480388E-011,1.4097167877480388E-011
750,5000,750,12.14048695564270
1.2732925824820995E-011,0.1725201606750488
1.2732925824820995E-011,1.2732925824820995E-011
1000,5000,750,16.61522912979126
1.3642420526593924E-011,0.1911518573760986
1.3642420526593924E-011,1.3642420526593924E-011
1500,5000,750,26.05577516555786
1.4551915228366852E-011,0.2537360191345215
1.4551915228366852E-011,1.4551915228366852E-011
2000,5000,750,35.32569599151611
1.2960299500264227E-011,0.2891469001770020
1.2960299500264227E-011,1.2960299500264227E-011
3000,5000,750,58.13507199287415
1.3642420526593924E-011,0.3608949184417725
1.3642420526593924E-011,1.3642420526593924E-011
5000,5000,750,103.8890640735626
1.3415046851150692E-011,0.5446839332580566
1.3415046851150692E-011,1.3415046851150692E-011
100,100,1000,5.4550170898437500E-003
3.1974423109204508E-014,0.1454617977142334
3.1974423109204508E-014,3.1974423109204508E-014
250,100,1000,1.4648914337158203E-002
3.5527136788005009E-014,0.1280097961425781
3.5527136788005009E-014,3.5527136788005009E-014
500,100,1000,4.0193796157836914E-002
3.5527136788005009E-014,0.1405930519104004
3.5527136788005009E-014,3.5527136788005009E-014
750,100,1000,6.2200069427490234E-002
3.9079850466805510E-014,0.1391050815582275
3.9079850466805510E-014,3.9079850466805510E-014
1000,100,1000,8.2196950912475586E-002
3.9079850466805510E-014,0.1380879878997803
3.9079850466805510E-014,3.9079850466805510E-014
1500,100,1000,0.1214890480041504
3.9079850466805510E-014,0.1328010559082031
3.9079850466805510E-014,3.9079850466805510E-014
2000,100,1000,0.1573171615600586
3.5527136788005009E-014,0.1384680271148682
3.5527136788005009E-014,3.5527136788005009E-014
3000,100,1000,0.2475531101226807
3.9079850466805510E-014,0.1436090469360352
3.9079850466805510E-014,3.9079850466805510E-014
5000,100,1000,0.3295540809631348
3.9079850466805510E-014,0.1624000072479248
3.9079850466805510E-014,3.9079850466805510E-014
100,250,1000,9.7889900207519531E-003
1.2789769243681803E-013,9.8141908645629883E-002
1.2789769243681803E-013,1.2789769243681803E-013
250,250,1000,4.2820930480957031E-002
1.2079226507921703E-013,0.1116819381713867
1.2079226507921703E-013,1.2079226507921703E-013
500,250,1000,5.8983087539672852E-002
1.4210854715202004E-013,0.1027128696441650
1.4210854715202004E-013,1.4210854715202004E-013
750,250,1000,8.8982105255126953E-002
1.2789769243681803E-013,0.1059219837188721
1.2789769243681803E-013,1.2789769243681803E-013
1000,250,1000,0.1741950511932373
1.4210854715202004E-013,0.1183540821075439
1.4210854715202004E-013,1.4210854715202004E-013
1500,250,1000,0.1814858913421631
1.4210854715202004E-013,0.1090090274810791
1.4210854715202004E-013,1.4210854715202004E-013
2000,250,1000,0.3481788635253906
1.2789769243681803E-013,0.1289370059967041
1.2789769243681803E-013,1.2789769243681803E-013
3000,250,1000,0.3597168922424316
1.4210854715202004E-013,0.1164429187774658
1.4210854715202004E-013,1.4210854715202004E-013
5000,250,1000,0.6779048442840576
1.5631940186722204E-013,0.1522409915924072
1.5631940186722204E-013,1.5631940186722204E-013
100,500,1000,3.0203819274902344E-002
3.4106051316484809E-013,0.1132349967956543
3.4106051316484809E-013,3.4106051316484809E-013
250,500,1000,8.3037853240966797E-002
3.6948222259525210E-013,0.1177620887756348
3.6948222259525210E-013,3.6948222259525210E-013
500,500,1000,0.1717290878295898
3.4106051316484809E-013,0.1285989284515381
3.4106051316484809E-013,3.4106051316484809E-013
750,500,1000,0.2564620971679688
3.6948222259525210E-013,0.1248700618743896
3.6948222259525210E-013,3.6948222259525210E-013
1000,500,1000,0.3013710975646973
3.6948222259525210E-013,0.1196668148040771
3.6948222259525210E-013,3.6948222259525210E-013
1500,500,1000,0.5102310180664063
3.9790393202565610E-013,0.1267180442810059
3.9790393202565610E-013,3.9790393202565610E-013
2000,500,1000,0.7108371257781982
4.5474735088646412E-013,0.1122012138366699
4.5474735088646412E-013,4.5474735088646412E-013
3000,500,1000,0.6949439048767090
3.9790393202565610E-013,0.1191689968109131
3.9790393202565610E-013,3.9790393202565610E-013
5000,500,1000,1.183497190475464
3.9790393202565610E-013,0.1347160339355469
3.9790393202565610E-013,3.9790393202565610E-013
100,750,1000,6.3990116119384766E-002
6.8212102632969618E-013,0.1149191856384277
6.8212102632969618E-013,6.8212102632969618E-013
250,750,1000,0.1707391738891602
7.3896444519050419E-013,0.1315059661865234
7.3896444519050419E-013,7.3896444519050419E-013
500,750,1000,0.3464839458465576
7.3896444519050419E-013,0.1347939968109131
7.3896444519050419E-013,7.3896444519050419E-013
750,750,1000,0.5109620094299316
7.3896444519050419E-013,0.1197199821472168
7.3896444519050419E-013,7.3896444519050419E-013
1000,750,1000,0.6768629550933838
7.3896444519050419E-013,0.1228330135345459
7.3896444519050419E-013,7.3896444519050419E-013
1500,750,1000,0.6788280010223389
8.2422957348171622E-013,0.1125669479370117
8.2422957348171622E-013,8.2422957348171622E-013
2000,750,1000,1.151084899902344
7.6738615462090820E-013,0.1163392066955566
7.6738615462090820E-013,7.6738615462090820E-013
3000,750,1000,1.531692981719971
8.2422957348171622E-013,0.1520519256591797
8.2422957348171622E-013,8.2422957348171622E-013
5000,750,1000,2.418810129165649
7.9580786405131221E-013,0.1420731544494629
7.9580786405131221E-013,7.9580786405131221E-013
100,1000,1000,9.0805053710937500E-002
9.3791641120333225E-013,0.1175971031188965
9.3791641120333225E-013,9.3791641120333225E-013
250,1000,1000,0.2451190948486328
9.6633812063373625E-013,0.1326611042022705
9.6633812063373625E-013,9.6633812063373625E-013
500,1000,1000,0.4857721328735352
9.3791641120333225E-013,0.1381340026855469
9.3791641120333225E-013,9.3791641120333225E-013
750,1000,1000,0.4791829586029053
1.0800249583553523E-012,0.1104509830474854
1.0800249583553523E-012,1.0800249583553523E-012
1000,1000,1000,0.6623649597167969
1.1368683772161603E-012,0.1112802028656006
1.1368683772161603E-012,1.1368683772161603E-012
1500,1000,1000,0.9604799747467041
1.0231815394945443E-012,0.1165039539337158
1.0231815394945443E-012,1.0231815394945443E-012
2000,1000,1000,1.892395973205566
1.1937117960769683E-012,0.1231839656829834
1.1937117960769683E-012,1.1937117960769683E-012
3000,1000,1000,1.995713949203491
1.1937117960769683E-012,0.1663150787353516
1.1937117960769683E-012,1.1937117960769683E-012
5000,1000,1000,3.647876977920532
1.0800249583553523E-012,0.1969411373138428
1.0800249583553523E-012,1.0800249583553523E-012
100,1500,1000,0.1483199596405029
1.8189894035458565E-012,0.1288661956787109
1.8189894035458565E-012,1.8189894035458565E-012
250,1500,1000,0.3132019042968750
1.9895196601282805E-012,0.1388020515441895
1.9895196601282805E-012,1.9895196601282805E-012
500,1500,1000,0.6711001396179199
2.1032064978498966E-012,0.1330931186676025
2.1032064978498966E-012,2.1032064978498966E-012
750,1500,1000,0.8400750160217285
2.2168933355715126E-012,0.1297500133514404
2.2168933355715126E-012,2.2168933355715126E-012
1000,1500,1000,1.842539072036743
2.3874235921539366E-012,0.1325130462646484
2.3874235921539366E-012,2.3874235921539366E-012
1500,1500,1000,2.087604999542236
2.1600499167107046E-012,0.1454050540924072
2.1600499167107046E-012,2.1600499167107046E-012
2000,1500,1000,4.699930906295776
2.1032064978498966E-012,0.1497509479522705
2.1032064978498966E-012,2.1032064978498966E-012
3000,1500,1000,3.181923866271973
2.2168933355715126E-012,0.1656689643859863
2.2168933355715126E-012,2.2168933355715126E-012
5000,1500,1000,8.563782930374146
2.1600499167107046E-012,0.2212460041046143
2.1600499167107046E-012,2.1600499167107046E-012
100,2000,1000,0.2104938030242920
3.0127011996228248E-012,0.1212708950042725
3.0127011996228248E-012,3.0127011996228248E-012
250,2000,1000,0.5277011394500732
2.8990143619012088E-012,0.1334941387176514
2.8990143619012088E-012,2.8990143619012088E-012
500,2000,1000,1.264271020889282
2.8421709430404007E-012,0.1267609596252441
2.8421709430404007E-012,2.8421709430404007E-012
750,2000,1000,2.779927015304565
2.9558577807620168E-012,0.1340730190277100
2.9558577807620168E-012,2.9558577807620168E-012
1000,2000,1000,4.297833919525146
2.9558577807620168E-012,0.1255280971527100
2.9558577807620168E-012,2.9558577807620168E-012
1500,2000,1000,4.990683794021606
2.8990143619012088E-012,0.1564559936523438
2.8990143619012088E-012,2.8990143619012088E-012
2000,2000,1000,10.01200819015503
3.2969182939268649E-012,0.1511549949645996
3.2969182939268649E-012,3.2969182939268649E-012
3000,2000,1000,11.66556096076965
3.0695446184836328E-012,0.2111270427703857
3.0695446184836328E-012,3.0695446184836328E-012
5000,2000,1000,24.05423378944397
3.0127011996228248E-012,0.2596969604492188
3.0127011996228248E-012,3.0127011996228248E-012
100,3000,1000,0.3319380283355713
5.4569682106375694E-012,0.1484990119934082
5.4569682106375694E-012,5.4569682106375694E-012
250,3000,1000,0.9027140140533447
5.6843418860808015E-012,0.1267161369323730
5.6843418860808015E-012,5.6843418860808015E-012
500,3000,1000,5.542623996734619
6.0254023992456496E-012,0.1570289134979248
6.0254023992456496E-012,6.0254023992456496E-012
750,3000,1000,8.689092874526978
6.1390892369672656E-012,0.1632850170135498
6.1390892369672656E-012,6.1390892369672656E-012
1000,3000,1000,11.03088498115540
5.7980287238024175E-012,0.1702449321746826
5.7980287238024175E-012,5.7980287238024175E-012
1500,3000,1000,18.55413913726807
6.1390892369672656E-012,0.2029550075531006
6.1390892369672656E-012,6.1390892369672656E-012
2000,3000,1000,24.37965607643127
6.7075234255753458E-012,0.2541420459747314
6.7075234255753458E-012,6.7075234255753458E-012
3000,3000,1000,39.73069095611572
6.3664629124104977E-012,0.3084480762481689
6.3664629124104977E-012,6.3664629124104977E-012
5000,3000,1000,69.79286003112793
6.1390892369672656E-012,0.4041271209716797
6.1390892369672656E-012,6.1390892369672656E-012
100,5000,1000,0.4670388698577881
1.1596057447604835E-011,0.1571509838104248
1.1596057447604835E-011,1.1596057447604835E-011
250,5000,1000,2.190621852874756
1.3869794202037156E-011,0.1592929363250732
1.3869794202037156E-011,1.3869794202037156E-011
500,5000,1000,11.31082701683044
1.3415046851150692E-011,0.1724340915679932
1.3415046851150692E-011,1.3415046851150692E-011
750,5000,1000,16.21201801300049
1.2505552149377763E-011,0.2041060924530029
1.2505552149377763E-011,1.2505552149377763E-011
1000,5000,1000,21.98431801795959
1.2505552149377763E-011,0.2416191101074219
1.2505552149377763E-011,1.2505552149377763E-011
1500,5000,1000,34.35393905639648
1.3415046851150692E-011,0.3311018943786621
1.3415046851150692E-011,1.3415046851150692E-011
2000,5000,1000,48.28984999656677
1.3415046851150692E-011,0.3397970199584961
1.3415046851150692E-011,1.3415046851150692E-011
3000,5000,1000,77.46387290954590
1.3642420526593924E-011,0.4549279212951660
1.3642420526593924E-011,1.3642420526593924E-011
5000,5000,1000,136.5435209274292
1.4779288903810084E-011,0.7364239692687988
1.4779288903810084E-011,1.4779288903810084E-011
100,100,1500,8.4378719329833984E-003
3.5527136788005009E-014,0.1437861919403076
3.5527136788005009E-014,3.5527136788005009E-014
250,100,1500,2.1419048309326172E-002
3.5527136788005009E-014,0.1210160255432129
3.5527136788005009E-014,3.5527136788005009E-014
500,100,1500,4.5034170150756836E-002
3.5527136788005009E-014,0.1357610225677490
3.5527136788005009E-014,3.5527136788005009E-014
750,100,1500,9.2791080474853516E-002
3.5527136788005009E-014,0.1225600242614746
3.5527136788005009E-014,3.5527136788005009E-014
1000,100,1500,8.4950923919677734E-002
3.9079850466805510E-014,0.1068449020385742
3.9079850466805510E-014,3.9079850466805510E-014
1500,100,1500,0.1292598247528076
3.9079850466805510E-014,0.1098668575286865
3.9079850466805510E-014,3.9079850466805510E-014
2000,100,1500,0.2423000335693359
3.5527136788005009E-014,0.1310989856719971
3.5527136788005009E-014,3.5527136788005009E-014
3000,100,1500,0.3918800354003906
3.9079850466805510E-014,0.1462659835815430
3.9079850466805510E-014,3.9079850466805510E-014
5000,100,1500,0.5195460319519043
3.9079850466805510E-014,0.1613819599151611
3.9079850466805510E-014,3.9079850466805510E-014
100,250,1500,1.8991947174072266E-002
1.1368683772161603E-013,0.1156620979309082
1.1368683772161603E-013,1.1368683772161603E-013
250,250,1500,6.4203977584838867E-002
1.4210854715202004E-013,0.1211929321289063
1.4210854715202004E-013,1.4210854715202004E-013
500,250,1500,0.1346840858459473
1.2789769243681803E-013,0.1318051815032959
1.2789769243681803E-013,1.2789769243681803E-013
750,250,1500,0.1340768337249756
1.4210854715202004E-013,0.1055328845977783
1.4210854715202004E-013,1.4210854715202004E-013
1000,250,1500,0.2601439952850342
1.4210854715202004E-013,0.1216650009155273
1.4210854715202004E-013,1.4210854715202004E-013
1500,250,1500,0.3939487934112549
1.5631940186722204E-013,0.1345708370208740
1.5631940186722204E-013,1.5631940186722204E-013
2000,250,1500,0.5250241756439209
1.5631940186722204E-013,0.1348330974578857
1.5631940186722204E-013,1.5631940186722204E-013
3000,250,1500,0.7978680133819580
1.5631940186722204E-013,0.1517601013183594
1.5631940186722204E-013,1.5631940186722204E-013
5000,250,1500,0.9926438331604004
1.5631940186722204E-013,0.1619479656219482
1.5631940186722204E-013,1.5631940186722204E-013
100,500,1500,4.4934988021850586E-002
3.6948222259525210E-013,0.1121540069580078
3.6948222259525210E-013,3.6948222259525210E-013
250,500,1500,0.1254549026489258
3.9790393202565610E-013,0.1254379749298096
3.9790393202565610E-013,3.9790393202565610E-013
500,500,1500,0.2373940944671631
3.9790393202565610E-013,0.1339530944824219
3.9790393202565610E-013,3.9790393202565610E-013
750,500,1500,0.3658111095428467
3.8369307731045410E-013,0.1269459724426270
3.8369307731045410E-013,3.8369307731045410E-013
1000,500,1500,0.3459532260894775
3.8369307731045410E-013,0.1090810298919678
3.8369307731045410E-013,3.8369307731045410E-013
1500,500,1500,0.5334758758544922
4.2632564145606011E-013,0.1340379714965820
4.2632564145606011E-013,4.2632564145606011E-013
2000,500,1500,1.578331947326660
3.6948222259525210E-013,0.1403629779815674
3.6948222259525210E-013,3.6948222259525210E-013
3000,500,1500,1.031589984893799
4.2632564145606011E-013,0.1322779655456543
4.2632564145606011E-013,4.2632564145606011E-013
5000,500,1500,1.864590883255005
4.2632564145606011E-013,0.1842200756072998
4.2632564145606011E-013,4.2632564145606011E-013
100,750,1500,9.9655151367187500E-002
6.8212102632969618E-013,0.1157710552215576
6.8212102632969618E-013,6.8212102632969618E-013
250,750,1500,0.2699840068817139
6.8212102632969618E-013,0.1365301609039307
6.8212102632969618E-013,6.8212102632969618E-013
500,750,1500,0.3458499908447266
7.3896444519050419E-013,0.1128358840942383
7.3896444519050419E-013,7.3896444519050419E-013
750,750,1500,0.5488159656524658
7.9580786405131221E-013,0.1255958080291748
7.9580786405131221E-013,7.9580786405131221E-013
1000,750,1500,0.8302750587463379
7.6738615462090820E-013,0.1303679943084717
7.6738615462090820E-013,7.6738615462090820E-013
1500,750,1500,1.173964023590088
8.5265128291212022E-013,0.1363301277160645
8.5265128291212022E-013,8.5265128291212022E-013
2000,750,1500,1.675256967544556
8.2422957348171622E-013,0.1303141117095947
8.2422957348171622E-013,8.2422957348171622E-013
3000,750,1500,2.128751039505005
7.6738615462090820E-013,0.1609101295471191
7.6738615462090820E-013,7.6738615462090820E-013
5000,750,1500,3.747570991516113
8.2422957348171622E-013,0.1987278461456299
8.2422957348171622E-013,8.2422957348171622E-013
100,1000,1500,0.1419649124145508
9.0949470177292824E-013,0.1166660785675049
9.0949470177292824E-013,9.0949470177292824E-013
250,1000,1500,0.3903188705444336
9.9475983006414026E-013,0.1323168277740479
9.9475983006414026E-013,9.9475983006414026E-013
500,1000,1500,0.7096691131591797
1.0231815394945443E-012,0.1463799476623535
1.0231815394945443E-012,1.0231815394945443E-012
750,1000,1500,0.8442509174346924
1.0231815394945443E-012,0.1285810470581055
1.0231815394945443E-012,1.0231815394945443E-012
1000,1000,1500,1.061541080474854
1.1368683772161603E-012,0.1163010597229004
1.1368683772161603E-012,1.1368683772161603E-012
1500,1000,1500,1.648486852645874
1.0800249583553523E-012,0.1451590061187744
1.0800249583553523E-012,1.0800249583553523E-012
2000,1000,1500,2.662781000137329
1.1368683772161603E-012,0.1332619190216064
1.1368683772161603E-012,1.1368683772161603E-012
3000,1000,1500,2.974326133728027
1.1652900866465643E-012,0.1501870155334473
1.1652900866465643E-012,1.1652900866465643E-012
5000,1000,1500,6.155699014663696
1.2221335055073723E-012,0.2246949672698975
1.2221335055073723E-012,1.2221335055073723E-012
100,1500,1500,0.2250030040740967
1.9326762412674725E-012,0.1269459724426270
1.9326762412674725E-012,1.9326762412674725E-012
250,1500,1500,0.5634970664978027
2.2168933355715126E-012,0.1257190704345703
2.2168933355715126E-012,2.2168933355715126E-012
500,1500,1500,0.8710899353027344
2.1600499167107046E-012,0.1177179813385010
2.1600499167107046E-012,2.1600499167107046E-012
750,1500,1500,1.287831783294678
2.3305801732931286E-012,0.1255311965942383
2.3305801732931286E-012,2.3305801732931286E-012
1000,1500,1500,2.762926816940308
2.3305801732931286E-012,0.1454608440399170
2.3305801732931286E-012,2.3305801732931286E-012
1500,1500,1500,2.991974115371704
2.1600499167107046E-012,0.1718401908874512
2.1600499167107046E-012,2.1600499167107046E-012
2000,1500,1500,6.794891834259033
2.0463630789890885E-012,0.1638059616088867
2.0463630789890885E-012,2.0463630789890885E-012
3000,1500,1500,5.456999063491821
2.2737367544323206E-012,0.2414610385894775
2.2737367544323206E-012,2.2737367544323206E-012
5000,1500,1500,13.88617897033691
2.2737367544323206E-012,0.3092272281646729
2.2737367544323206E-012,2.2737367544323206E-012
100,2000,1500,0.3669488430023193
2.8990143619012088E-012,0.1220529079437256
2.8990143619012088E-012,2.8990143619012088E-012
250,2000,1500,0.6807758808135986
2.9558577807620168E-012,0.1463968753814697
2.9558577807620168E-012,2.9558577807620168E-012
500,2000,1500,1.865767002105713
2.9558577807620168E-012,0.1370260715484619
2.9558577807620168E-012,2.9558577807620168E-012
750,2000,1500,4.043584823608398
2.7853275241795927E-012,0.1521899700164795
2.7853275241795927E-012,2.7853275241795927E-012
1000,2000,1500,7.164991855621338
3.0695446184836328E-012,0.1630098819732666
3.0695446184836328E-012,3.0695446184836328E-012
1500,2000,1500,6.596554040908813
3.1263880373444408E-012,0.1810789108276367
3.1263880373444408E-012,3.1263880373444408E-012
2000,2000,1500,12.88307619094849
3.0695446184836328E-012,0.2072911262512207
3.0695446184836328E-012,3.0695446184836328E-012
3000,2000,1500,16.36793088912964
3.2400748750660568E-012,0.2560558319091797
3.2400748750660568E-012,3.2400748750660568E-012
5000,2000,1500,36.81183505058289
3.0127011996228248E-012,0.3738269805908203
3.0127011996228248E-012,3.0127011996228248E-012
100,3000,1500,0.4700129032135010
5.9117155615240335E-012,0.1711859703063965
5.9117155615240335E-012,5.9117155615240335E-012
250,3000,1500,1.332602977752686
5.9117155615240335E-012,0.1570460796356201
5.9117155615240335E-012,5.9117155615240335E-012
500,3000,1500,8.400110006332397
5.7980287238024175E-012,0.1907820701599121
5.7980287238024175E-012,5.7980287238024175E-012
750,3000,1500,12.94135499000549
6.5938365878537297E-012,0.2050681114196777
6.5938365878537297E-012,6.5938365878537297E-012
1000,3000,1500,16.44285988807678
6.0254023992456496E-012,0.2148628234863281
6.0254023992456496E-012,6.0254023992456496E-012
1500,3000,1500,27.60252809524536
6.5938365878537297E-012,0.3099741935729980
6.5938365878537297E-012,6.5938365878537297E-012
2000,3000,1500,36.53267121315002
6.1390892369672656E-012,0.3598670959472656
6.1390892369672656E-012,6.1390892369672656E-012
3000,3000,1500,58.70706105232239
6.2527760746888816E-012,0.4340219497680664
6.2527760746888816E-012,6.2527760746888816E-012
5000,3000,1500,103.3003749847412
6.4801497501321137E-012,0.6094768047332764
6.4801497501321137E-012,6.4801497501321137E-012
100,5000,1500,0.7876019477844238
1.2960299500264227E-011,0.1615140438079834
1.2960299500264227E-011,1.2960299500264227E-011
250,5000,1500,3.212162971496582
1.2505552149377763E-011,0.1743559837341309
1.2505552149377763E-011,1.2505552149377763E-011
500,5000,1500,15.19464302062988
1.3187673175707459E-011,0.2111580371856689
1.3187673175707459E-011,1.3187673175707459E-011
750,5000,1500,23.81584405899048
1.2960299500264227E-011,0.2816269397735596
1.2960299500264227E-011,1.2960299500264227E-011
1000,5000,1500,32.69104313850403
1.3415046851150692E-011,0.3512098789215088
1.3415046851150692E-011,1.3415046851150692E-011
1500,5000,1500,51.99797415733337
1.3415046851150692E-011,0.4421539306640625
1.3415046851150692E-011,1.3415046851150692E-011
2000,5000,1500,70.50981402397156
1.3869794202037156E-011,0.5315949916839600
1.3869794202037156E-011,1.3869794202037156E-011
3000,5000,1500,116.2791810035706
1.4551915228366852E-011,0.6722431182861328
1.4551915228366852E-011,1.4551915228366852E-011
5000,5000,1500,202.5928790569305
1.5006662579253316E-011,1.068269968032837
1.5006662579253316E-011,1.5006662579253316E-011
100,100,2000,1.1502981185913086E-002
3.5527136788005009E-014,0.1398561000823975
3.5527136788005009E-014,3.5527136788005009E-014
250,100,2000,2.8272867202758789E-002
3.5527136788005009E-014,0.1222708225250244
3.5527136788005009E-014,3.5527136788005009E-014
500,100,2000,8.1409215927124023E-002
3.5527136788005009E-014,0.1366930007934570
3.5527136788005009E-014,3.5527136788005009E-014
750,100,2000,0.1365220546722412
3.9079850466805510E-014,0.1397271156311035
3.9079850466805510E-014,3.9079850466805510E-014
1000,100,2000,0.1679258346557617
4.2632564145606011E-014,0.1424531936645508
4.2632564145606011E-014,4.2632564145606011E-014
1500,100,2000,0.2300810813903809
3.9079850466805510E-014,0.1349890232086182
3.9079850466805510E-014,3.9079850466805510E-014
2000,100,2000,0.2215299606323242
4.6185277824406512E-014,0.1178297996520996
4.6185277824406512E-014,4.6185277824406512E-014
3000,100,2000,0.3537299633026123
3.9079850466805510E-014,0.1286180019378662
3.9079850466805510E-014,3.9079850466805510E-014
5000,100,2000,0.8132419586181641
4.2632564145606011E-014,0.1746699810028076
4.2632564145606011E-014,4.2632564145606011E-014
100,250,2000,2.4419069290161133E-002
1.2789769243681803E-013,0.1203830242156982
1.2789769243681803E-013,1.2789769243681803E-013
250,250,2000,8.7609052658081055E-002
1.4210854715202004E-013,0.1211791038513184
1.4210854715202004E-013,1.4210854715202004E-013
500,250,2000,0.1786808967590332
1.4210854715202004E-013,0.1302959918975830
1.4210854715202004E-013,1.4210854715202004E-013
750,250,2000,0.2664268016815186
1.4210854715202004E-013,0.1316771507263184
1.4210854715202004E-013,1.4210854715202004E-013
1000,250,2000,0.3602788448333740
1.4210854715202004E-013,0.1513409614562988
1.4210854715202004E-013,1.4210854715202004E-013
1500,250,2000,0.5252270698547363
1.4210854715202004E-013,0.1373198032379150
1.4210854715202004E-013,1.4210854715202004E-013
2000,250,2000,0.6380679607391357
1.4210854715202004E-013,0.1466050148010254
1.4210854715202004E-013,1.4210854715202004E-013
3000,250,2000,0.7636709213256836
1.5631940186722204E-013,0.1599550247192383
1.5631940186722204E-013,1.5631940186722204E-013
5000,250,2000,1.193505048751831
1.5631940186722204E-013,0.1759648323059082
1.5631940186722204E-013,1.5631940186722204E-013
100,500,2000,6.1324119567871094E-002
3.4106051316484809E-013,0.1212620735168457
3.4106051316484809E-013,3.4106051316484809E-013
250,500,2000,0.1711609363555908
3.6948222259525210E-013,0.1232969760894775
3.6948222259525210E-013,3.6948222259525210E-013
500,500,2000,0.2656469345092773
4.1211478674085811E-013,0.1261670589447021
4.1211478674085811E-013,4.1211478674085811E-013
750,500,2000,0.3486192226409912
3.6948222259525210E-013,0.1133539676666260
3.6948222259525210E-013,3.6948222259525210E-013
1000,500,2000,0.4654479026794434
3.9790393202565610E-013,0.1152558326721191
3.9790393202565610E-013,3.9790393202565610E-013
1500,500,2000,1.030632972717285
4.5474735088646412E-013,0.1494491100311279
4.5474735088646412E-013,4.5474735088646412E-013
2000,500,2000,2.133295059204102
4.2632564145606011E-013,0.1526889801025391
4.2632564145606011E-013,4.2632564145606011E-013
3000,500,2000,1.404072046279907
3.9790393202565610E-013,0.1799330711364746
3.9790393202565610E-013,3.9790393202565610E-013
5000,500,2000,2.456967115402222
3.9790393202565610E-013,0.2112588882446289
3.9790393202565610E-013,3.9790393202565610E-013
100,750,2000,9.5695018768310547E-002
6.8212102632969618E-013,0.1006610393524170
6.8212102632969618E-013,6.8212102632969618E-013
250,750,2000,0.3483731746673584
7.6738615462090820E-013,0.1188509464263916
7.6738615462090820E-013,7.6738615462090820E-013
500,750,2000,0.4890141487121582
7.1054273576010019E-013,0.1166679859161377
7.1054273576010019E-013,7.1054273576010019E-013
750,750,2000,0.7341959476470947
7.6738615462090820E-013,0.1149981021881104
7.6738615462090820E-013,7.6738615462090820E-013
1000,750,2000,1.325576066970825
7.9580786405131221E-013,0.1374459266662598
7.9580786405131221E-013,7.9580786405131221E-013
1500,750,2000,2.149703025817871
8.2422957348171622E-013,0.1634640693664551
8.2422957348171622E-013,8.2422957348171622E-013
2000,750,2000,2.606559038162231
7.6738615462090820E-013,0.1655330657958984
7.6738615462090820E-013,7.6738615462090820E-013
3000,750,2000,2.895507097244263
7.6738615462090820E-013,0.1763830184936523
7.6738615462090820E-013,7.6738615462090820E-013
5000,750,2000,5.150934934616089
8.2422957348171622E-013,0.2464461326599121
8.2422957348171622E-013,8.2422957348171622E-013
100,1000,2000,0.2013959884643555
9.0949470177292824E-013,0.1191480159759521
9.0949470177292824E-013,9.0949470177292824E-013
250,1000,2000,0.5878078937530518
1.0516032489249483E-012,0.1373989582061768
1.0516032489249483E-012,1.0516032489249483E-012
500,1000,2000,0.7447299957275391
1.0800249583553523E-012,0.1175591945648193
1.0800249583553523E-012,1.0800249583553523E-012
750,1000,2000,1.270252943038940
1.2221335055073723E-012,0.1323051452636719
1.2221335055073723E-012,1.2221335055073723E-012
1000,1000,2000,1.612607002258301
1.0231815394945443E-012,0.1418399810791016
1.0231815394945443E-012,1.0231815394945443E-012
1500,1000,2000,2.174118995666504
1.0800249583553523E-012,0.1381008625030518
1.0800249583553523E-012,1.0800249583553523E-012
2000,1000,2000,4.175462007522583
1.0800249583553523E-012,0.1471149921417236
1.0800249583553523E-012,1.0800249583553523E-012
3000,1000,2000,4.349780082702637
1.0800249583553523E-012,0.2177128791809082
1.0800249583553523E-012,1.0800249583553523E-012
5000,1000,2000,7.996848106384277
1.1084466677857563E-012,0.2581222057342529
1.1084466677857563E-012,1.1084466677857563E-012
100,1500,2000,0.3371381759643555
1.8758328224066645E-012,0.1204440593719482
1.8758328224066645E-012,1.8758328224066645E-012
250,1500,2000,0.8327798843383789
2.1032064978498966E-012,0.1314809322357178
2.1032064978498966E-012,2.1032064978498966E-012
500,1500,2000,1.412807941436768
2.1600499167107046E-012,0.1540279388427734
2.1600499167107046E-012,2.1600499167107046E-012
750,1500,2000,1.856765985488892
2.3305801732931286E-012,0.1634750366210938
2.3305801732931286E-012,2.3305801732931286E-012
1000,1500,2000,3.683290004730225
2.1032064978498966E-012,0.1561248302459717
2.1032064978498966E-012,2.1032064978498966E-012
1500,1500,2000,4.251004934310913
2.3874235921539366E-012,0.2064180374145508
2.3874235921539366E-012,2.3874235921539366E-012
2000,1500,2000,7.034371852874756
2.3305801732931286E-012,0.2554049491882324
2.3305801732931286E-012,2.3305801732931286E-012
3000,1500,2000,8.048197031021118
2.3874235921539366E-012,0.3190610408782959
2.3874235921539366E-012,2.3874235921539366E-012
5000,1500,2000,17.63017582893372
2.2168933355715126E-012,0.4535381793975830
2.2168933355715126E-012,2.2168933355715126E-012
100,2000,2000,0.4688849449157715
3.0127011996228248E-012,0.1475260257720947
3.0127011996228248E-012,3.0127011996228248E-012
250,2000,2000,0.8547029495239258
2.8990143619012088E-012,0.1500201225280762
2.8990143619012088E-012,2.8990143619012088E-012
500,2000,2000,2.417877912521362
2.7853275241795927E-012,0.1622099876403809
2.7853275241795927E-012,2.7853275241795927E-012
750,2000,2000,4.315828084945679
2.8421709430404007E-012,0.1500561237335205
2.8421709430404007E-012,2.8421709430404007E-012
1000,2000,2000,8.413118839263916
2.9558577807620168E-012,0.1862399578094482
2.9558577807620168E-012,2.9558577807620168E-012
1500,2000,2000,9.586280107498169
3.0127011996228248E-012,0.2297508716583252
3.0127011996228248E-012,3.0127011996228248E-012
2000,2000,2000,17.32797002792358
3.1832314562052488E-012,0.2828640937805176
3.1832314562052488E-012,3.1832314562052488E-012
3000,2000,2000,23.12834692001343
3.0695446184836328E-012,0.3750419616699219
3.0695446184836328E-012,3.0695446184836328E-012
5000,2000,2000,43.59196496009827
3.5242919693700969E-012,0.4573519229888916
3.5242919693700969E-012,3.5242919693700969E-012
100,3000,2000,0.7818169593811035
5.4569682106375694E-012,0.1740829944610596
5.4569682106375694E-012,5.4569682106375694E-012
250,3000,2000,1.362499952316284
5.7980287238024175E-012,0.1675620079040527
5.7980287238024175E-012,5.7980287238024175E-012
500,3000,2000,10.80818510055542
5.7980287238024175E-012,0.1983938217163086
5.7980287238024175E-012,5.7980287238024175E-012
750,3000,2000,16.71175694465637
6.0254023992456496E-012,0.2318739891052246
6.0254023992456496E-012,6.0254023992456496E-012
1000,3000,2000,22.42984294891357
6.1390892369672656E-012,0.2718892097473145
6.1390892369672656E-012,6.1390892369672656E-012
1500,3000,2000,36.37748503684998
6.3664629124104977E-012,0.3684680461883545
6.3664629124104977E-012,6.3664629124104977E-012
2000,3000,2000,48.40175700187683
6.2527760746888816E-012,0.4566650390625000
6.2527760746888816E-012,6.2527760746888816E-012
3000,3000,2000,77.52605390548706
6.5938365878537297E-012,0.5882809162139893
6.5938365878537297E-012,6.5938365878537297E-012
5000,3000,2000,137.5261039733887
6.5938365878537297E-012,0.8845629692077637
6.5938365878537297E-012,6.5938365878537297E-012
100,5000,2000,0.8641691207885742
1.1823431123048067E-011,0.1559751033782959
1.1823431123048067E-011,1.1823431123048067E-011
250,5000,2000,4.275268077850342
1.2732925824820995E-011,0.1928780078887939
1.2732925824820995E-011,1.2732925824820995E-011
500,5000,2000,20.57846117019653
1.3187673175707459E-011,0.2600369453430176
1.3187673175707459E-011,1.3187673175707459E-011
750,5000,2000,32.38244891166687
1.3187673175707459E-011,0.3486521244049072
1.3187673175707459E-011,1.3187673175707459E-011
1000,5000,2000,43.60078907012939
1.3415046851150692E-011,0.4215250015258789
1.3415046851150692E-011,1.3415046851150692E-011
1500,5000,2000,68.00388813018799
1.3869794202037156E-011,0.5491330623626709
1.3869794202037156E-011,1.3869794202037156E-011
2000,5000,2000,96.65567493438721
1.4324541552923620E-011,0.6781940460205078
1.4324541552923620E-011,1.4324541552923620E-011
3000,5000,2000,153.9480469226837
1.4324541552923620E-011,0.9739918708801270
1.4324541552923620E-011,1.4324541552923620E-011
5000,5000,2000,267.8635079860687
1.4551915228366852E-011,1.439450979232788
1.4551915228366852E-011,1.4551915228366852E-011
100,100,3000,2.8127908706665039E-002
3.5527136788005009E-014,0.1576740741729736
3.5527136788005009E-014,3.5527136788005009E-014
250,100,3000,5.1718950271606445E-002
3.5527136788005009E-014,0.1393890380859375
3.5527136788005009E-014,3.5527136788005009E-014
500,100,3000,0.1234450340270996
3.9079850466805510E-014,0.1475698947906494
3.9079850466805510E-014,3.9079850466805510E-014
750,100,3000,0.1928920745849609
4.6185277824406512E-014,0.1499991416931152
4.6185277824406512E-014,4.6185277824406512E-014
1000,100,3000,0.2066791057586670
4.2632564145606011E-014,0.1548860073089600
4.2632564145606011E-014,4.2632564145606011E-014
1500,100,3000,0.2662849426269531
3.5527136788005009E-014,0.1224589347839355
3.5527136788005009E-014,3.5527136788005009E-014
2000,100,3000,0.3405778408050537
3.9079850466805510E-014,0.1290891170501709
3.9079850466805510E-014,3.9079850466805510E-014
3000,100,3000,0.5256609916687012
4.2632564145606011E-014,0.1429200172424316
4.2632564145606011E-014,4.2632564145606011E-014
5000,100,3000,1.100747108459473
4.6185277824406512E-014,0.2078919410705566
4.6185277824406512E-014,4.6185277824406512E-014
100,250,3000,5.0611019134521484E-002
1.2789769243681803E-013,0.1290919780731201
1.2789769243681803E-013,1.2789769243681803E-013
250,250,3000,0.1339230537414551
1.4210854715202004E-013,0.1396322250366211
1.4210854715202004E-013,1.4210854715202004E-013
500,250,3000,0.2085418701171875
1.4210854715202004E-013,0.1515398025512695
1.4210854715202004E-013,1.4210854715202004E-013
750,250,3000,0.3973879814147949
1.4210854715202004E-013,0.1323800086975098
1.4210854715202004E-013,1.4210854715202004E-013
1000,250,3000,0.4599962234497070
1.5631940186722204E-013,0.1343910694122314
1.5631940186722204E-013,1.5631940186722204E-013
1500,250,3000,0.7811858654022217
1.4210854715202004E-013,0.1435718536376953
1.4210854715202004E-013,1.4210854715202004E-013
2000,250,3000,0.9267420768737793
1.5631940186722204E-013,0.1543238162994385
1.5631940186722204E-013,1.5631940186722204E-013
3000,250,3000,1.163704156875610
1.5631940186722204E-013,0.1825768947601318
1.5631940186722204E-013,1.5631940186722204E-013
5000,250,3000,1.802969932556152
1.5631940186722204E-013,0.1820302009582520
1.5631940186722204E-013,1.5631940186722204E-013
100,500,3000,9.9538087844848633E-002
3.6948222259525210E-013,0.1175038814544678
3.6948222259525210E-013,3.6948222259525210E-013
250,500,3000,0.2729029655456543
3.9790393202565610E-013,0.1304748058319092
3.9790393202565610E-013,3.9790393202565610E-013
500,500,3000,0.4338119029998779
3.9790393202565610E-013,0.1478731632232666
3.9790393202565610E-013,3.9790393202565610E-013
750,500,3000,0.7408008575439453
4.2632564145606011E-013,0.1343610286712646
4.2632564145606011E-013,4.2632564145606011E-013
1000,500,3000,0.7783000469207764
4.2632564145606011E-013,0.1205470561981201
4.2632564145606011E-013,4.2632564145606011E-013
1500,500,3000,1.648463010787964
3.9790393202565610E-013,0.1533739566802979
3.9790393202565610E-013,3.9790393202565610E-013
2000,500,3000,2.245464086532593
4.2632564145606011E-013,0.1431620121002197
4.2632564145606011E-013,4.2632564145606011E-013
3000,500,3000,3.390254974365234
4.2632564145606011E-013,0.1945049762725830
4.2632564145606011E-013,4.2632564145606011E-013
5000,500,3000,4.102362871170044
4.2632564145606011E-013,0.2817008495330811
4.2632564145606011E-013,4.2632564145606011E-013
100,750,3000,0.2290160655975342
7.1054273576010019E-013,0.1336770057678223
7.1054273576010019E-013,7.1054273576010019E-013
250,750,3000,0.4184219837188721
7.3896444519050419E-013,0.1122610569000244
7.3896444519050419E-013,7.3896444519050419E-013
500,750,3000,0.8393790721893311
8.8107299234252423E-013,0.1232697963714600
8.8107299234252423E-013,8.8107299234252423E-013
750,750,3000,1.426316976547241
8.2422957348171622E-013,0.1498639583587646
8.2422957348171622E-013,8.2422957348171622E-013
1000,750,3000,1.831463098526001
8.2422957348171622E-013,0.1665611267089844
8.2422957348171622E-013,8.2422957348171622E-013
1500,750,3000,2.487957000732422
7.9580786405131221E-013,0.1795320510864258
7.9580786405131221E-013,7.9580786405131221E-013
2000,750,3000,4.178468942642212
9.0949470177292824E-013,0.1776731014251709
9.0949470177292824E-013,9.0949470177292824E-013
3000,750,3000,4.916477203369141
8.5265128291212022E-013,0.2766380310058594
8.5265128291212022E-013,8.5265128291212022E-013
5000,750,3000,8.586628913879395
9.3791641120333225E-013,0.3636140823364258
9.3791641120333225E-013,9.3791641120333225E-013
100,1000,3000,0.2820909023284912
1.0231815394945443E-012,0.1261169910430908
1.0231815394945443E-012,1.0231815394945443E-012
250,1000,3000,0.9257919788360596
1.0800249583553523E-012,0.1353290081024170
1.0800249583553523E-012,1.0800249583553523E-012
500,1000,3000,1.451807975769043
1.2505552149377763E-012,0.1732718944549561
1.2505552149377763E-012,1.2505552149377763E-012
750,1000,3000,1.922909975051880
9.9475983006414026E-013,0.1669230461120605
9.9475983006414026E-013,9.9475983006414026E-013
1000,1000,3000,2.830090999603271
1.1084466677857563E-012,0.1843650341033936
1.1084466677857563E-012,1.1084466677857563E-012
1500,1000,3000,3.799246072769165
1.1368683772161603E-012,0.2177670001983643
1.1368683772161603E-012,1.1368683772161603E-012
2000,1000,3000,6.186180830001831
1.1937117960769683E-012,0.2499299049377441
1.1937117960769683E-012,1.1937117960769683E-012
3000,1000,3000,7.173737049102783
1.1368683772161603E-012,0.2783379554748535
1.1368683772161603E-012,1.1368683772161603E-012
5000,1000,3000,14.01173901557922
1.1368683772161603E-012,0.4730830192565918
1.1368683772161603E-012,1.1368683772161603E-012
100,1500,3000,0.4395899772644043
2.0463630789890885E-012,0.1560239791870117
2.0463630789890885E-012,2.0463630789890885E-012
250,1500,3000,1.170186996459961
2.2168933355715126E-012,0.1621849536895752
2.2168933355715126E-012,2.2168933355715126E-012
500,1500,3000,2.019546031951904
2.2737367544323206E-012,0.1751639842987061
2.2737367544323206E-012,2.2737367544323206E-012
750,1500,3000,2.962897062301636
2.2168933355715126E-012,0.2094600200653076
2.2168933355715126E-012,2.2168933355715126E-012
1000,1500,3000,8.056766033172607
2.1600499167107046E-012,0.2427370548248291
2.1600499167107046E-012,2.1600499167107046E-012
1500,1500,3000,6.408407926559448
2.2168933355715126E-012,0.3008151054382324
2.2168933355715126E-012,2.2168933355715126E-012
2000,1500,3000,12.44677400588989
2.3874235921539366E-012,0.3549351692199707
2.3874235921539366E-012,2.3874235921539366E-012
3000,1500,3000,12.20699810981750
2.3305801732931286E-012,0.4549701213836670
2.3305801732931286E-012,2.3305801732931286E-012
5000,1500,3000,28.60784292221069
2.3874235921539366E-012,0.6829800605773926
2.3874235921539366E-012,2.3874235921539366E-012
100,2000,3000,0.5186769962310791
2.7853275241795927E-012,0.1419789791107178
2.7853275241795927E-012,2.7853275241795927E-012
250,2000,3000,1.289299964904785
2.7853275241795927E-012,0.1360180377960205
2.7853275241795927E-012,2.7853275241795927E-012
500,2000,3000,3.641277074813843
3.0127011996228248E-012,0.1850419044494629
3.0127011996228248E-012,3.0127011996228248E-012
750,2000,3000,5.714951992034912
3.0695446184836328E-012,0.2331628799438477
3.0695446184836328E-012,3.0695446184836328E-012
1000,2000,3000,11.31303215026855
3.0127011996228248E-012,0.2795150279998779
3.0127011996228248E-012,3.0127011996228248E-012
1500,2000,3000,16.31421589851379
2.9558577807620168E-012,0.3330020904541016
2.9558577807620168E-012,2.9558577807620168E-012
2000,2000,3000,30.35879683494568
3.0695446184836328E-012,0.4278881549835205
3.0695446184836328E-012,3.0695446184836328E-012
3000,2000,3000,33.22814202308655
3.0127011996228248E-012,0.5272459983825684
3.0127011996228248E-012,3.0127011996228248E-012
5000,2000,3000,60.65442800521851
3.1832314562052488E-012,0.8828110694885254
3.1832314562052488E-012,3.1832314562052488E-012
100,3000,3000,0.8215858936309814
6.0254023992456496E-012,0.1691410541534424
6.0254023992456496E-012,6.0254023992456496E-012
250,3000,3000,2.001638174057007
6.2527760746888816E-012,0.1801371574401855
6.2527760746888816E-012,6.2527760746888816E-012
500,3000,3000,16.19232296943665
5.7980287238024175E-012,0.2489500045776367
5.7980287238024175E-012,5.7980287238024175E-012
750,3000,3000,25.13941884040833
5.9117155615240335E-012,0.3265998363494873
5.9117155615240335E-012,5.9117155615240335E-012
1000,3000,3000,34.29688787460327
6.0254023992456496E-012,0.3669159412384033
6.0254023992456496E-012,6.0254023992456496E-012
1500,3000,3000,56.71633601188660
6.3664629124104977E-012,0.5303199291229248
6.3664629124104977E-012,6.3664629124104977E-012
2000,3000,3000,74.21044492721558
6.7075234255753458E-012,0.6219398975372314
6.7075234255753458E-012,6.7075234255753458E-012
3000,3000,3000,114.3630881309509
6.8212102632969618E-012,0.8498849868774414
6.8212102632969618E-012,6.8212102632969618E-012
5000,3000,3000,210.6736199855804
6.5938365878537297E-012,1.313887119293213
6.5938365878537297E-012,6.5938365878537297E-012
100,5000,3000,1.366572856903076
1.2505552149377763E-011,0.2107710838317871
1.2505552149377763E-011,1.2505552149377763E-011
250,5000,3000,6.399137020111084
1.4779288903810084E-011,0.2302901744842529
1.4779288903810084E-011,1.4779288903810084E-011
500,5000,3000,30.72009205818176
1.2732925824820995E-011,0.3444850444793701
1.2732925824820995E-011,1.2732925824820995E-011
750,5000,3000,48.35876607894897
1.3187673175707459E-011,0.4497289657592773
1.3187673175707459E-011,1.3187673175707459E-011
1000,5000,3000,67.60157895088196
1.3415046851150692E-011,0.5743160247802734
1.3415046851150692E-011,1.3415046851150692E-011
1500,5000,3000,104.7013421058655
1.3869794202037156E-011,0.7903919219970703
1.3869794202037156E-011,1.3869794202037156E-011
2000,5000,3000,142.3543469905853
1.3869794202037156E-011,0.9502758979797363
1.3869794202037156E-011,1.3869794202037156E-011
3000,5000,3000,224.6324529647827
1.3869794202037156E-011,1.318384170532227
1.3869794202037156E-011,1.3869794202037156E-011
5000,5000,3000,399.7777001857758
1.4779288903810084E-011,2.116363048553467
1.4779288903810084E-011,1.4779288903810084E-011
100,100,5000,2.9113054275512695E-002
3.9079850466805510E-014,0.1446199417114258
3.9079850466805510E-014,3.9079850466805510E-014
250,100,5000,8.4363937377929688E-002
3.5527136788005009E-014,0.1459739208221436
3.5527136788005009E-014,3.5527136788005009E-014
500,100,5000,0.2015681266784668
4.2632564145606011E-014,0.1332700252532959
4.2632564145606011E-014,4.2632564145606011E-014
750,100,5000,0.2595539093017578
3.9079850466805510E-014,0.1553840637207031
3.9079850466805510E-014,3.9079850466805510E-014
1000,100,5000,0.4464340209960938
4.2632564145606011E-014,0.1508438587188721
4.2632564145606011E-014,4.2632564145606011E-014
1500,100,5000,0.4318161010742188
4.6185277824406512E-014,0.1341021060943604
4.6185277824406512E-014,4.6185277824406512E-014
2000,100,5000,0.8162240982055664
4.2632564145606011E-014,0.1726682186126709
4.2632564145606011E-014,4.2632564145606011E-014
3000,100,5000,0.9180757999420166
4.2632564145606011E-014,0.2424259185791016
4.2632564145606011E-014,4.2632564145606011E-014
5000,100,5000,2.197724819183350
4.2632564145606011E-014,0.2836980819702148
4.2632564145606011E-014,4.2632564145606011E-014
100,250,5000,8.0405950546264648E-002
1.4210854715202004E-013,0.1386599540710449
1.4210854715202004E-013,1.4210854715202004E-013
250,250,5000,0.2184820175170898
1.5631940186722204E-013,0.1519749164581299
1.5631940186722204E-013,1.5631940186722204E-013
500,250,5000,0.4846780300140381
1.5631940186722204E-013,0.1545500755310059
1.5631940186722204E-013,1.5631940186722204E-013
750,250,5000,0.5414659976959229
1.4210854715202004E-013,0.1476259231567383
1.4210854715202004E-013,1.4210854715202004E-013
1000,250,5000,0.7207579612731934
1.4210854715202004E-013,0.1515169143676758
1.4210854715202004E-013,1.4210854715202004E-013
1500,250,5000,0.9574401378631592
1.5631940186722204E-013,0.1442930698394775
1.5631940186722204E-013,1.5631940186722204E-013
2000,250,5000,1.302598953247070
1.4921397450962104E-013,0.1956958770751953
1.4921397450962104E-013,1.4921397450962104E-013
3000,250,5000,1.978009939193726
1.7053025658242404E-013,0.2314550876617432
1.7053025658242404E-013,1.7053025658242404E-013
5000,250,5000,3.923722982406616
1.5631940186722204E-013,0.3338789939880371
1.5631940186722204E-013,1.5631940186722204E-013
100,500,5000,0.2108170986175537
3.5527136788005009E-013,0.1364829540252686
3.5527136788005009E-013,3.5527136788005009E-013
250,500,5000,0.5153479576110840
3.9790393202565610E-013,0.1307132244110107
3.9790393202565610E-013,3.9790393202565610E-013
500,500,5000,0.9393489360809326
3.9790393202565610E-013,0.1504499912261963
3.9790393202565610E-013,3.9790393202565610E-013
750,500,5000,1.332355976104736
3.9790393202565610E-013,0.1794900894165039
3.9790393202565610E-013,3.9790393202565610E-013
1000,500,5000,1.593261957168579
4.2632564145606011E-013,0.1639628410339355
4.2632564145606011E-013,4.2632564145606011E-013
1500,500,5000,3.265964984893799
3.6948222259525210E-013,0.2249300479888916
3.6948222259525210E-013,3.6948222259525210E-013
2000,500,5000,5.241269111633301
3.9790393202565610E-013,0.2958118915557861
3.9790393202565610E-013,3.9790393202565610E-013
3000,500,5000,4.882066965103149
3.9790393202565610E-013,0.3706970214843750
3.9790393202565610E-013,3.9790393202565610E-013
5000,500,5000,8.254626035690308
4.2632564145606011E-013,0.4900479316711426
4.2632564145606011E-013,4.2632564145606011E-013
100,750,5000,0.3731877803802490
7.3896444519050419E-013,0.1295111179351807
7.3896444519050419E-013,7.3896444519050419E-013
250,750,5000,0.8854699134826660
8.2422957348171622E-013,0.1473870277404785
8.2422957348171622E-013,8.2422957348171622E-013
500,750,5000,2.023615121841431
7.6738615462090820E-013,0.1738011837005615
7.6738615462090820E-013,7.6738615462090820E-013
750,750,5000,3.381814002990723
7.9580786405131221E-013,0.2125639915466309
7.9580786405131221E-013,7.9580786405131221E-013
1000,750,5000,3.133764982223511
8.2422957348171622E-013,0.2411911487579346
8.2422957348171622E-013,8.2422957348171622E-013
1500,750,5000,4.543337821960449
8.2422957348171622E-013,0.2582151889801025
8.2422957348171622E-013,8.2422957348171622E-013
2000,750,5000,7.476925134658813
7.6738615462090820E-013,0.3677401542663574
7.6738615462090820E-013,7.6738615462090820E-013
3000,750,5000,10.50261282920837
7.9580786405131221E-013,0.4822020530700684
7.9580786405131221E-013,7.9580786405131221E-013
5000,750,5000,15.84443306922913
8.5265128291212022E-013,0.6426310539245605
8.5265128291212022E-013,8.5265128291212022E-013
100,1000,5000,0.6021320819854736
1.0231815394945443E-012,0.1684598922729492
1.0231815394945443E-012,1.0231815394945443E-012
250,1000,5000,1.528596878051758
1.0231815394945443E-012,0.1607370376586914
1.0231815394945443E-012,1.0231815394945443E-012
500,1000,5000,2.260066986083984
1.0800249583553523E-012,0.1868700981140137
1.0800249583553523E-012,1.0800249583553523E-012
750,1000,5000,3.278253793716431
1.1368683772161603E-012,0.2177190780639648
1.1368683772161603E-012,1.1368683772161603E-012
1000,1000,5000,4.737570047378540
1.1368683772161603E-012,0.2725739479064941
1.1368683772161603E-012,1.1368683772161603E-012
1500,1000,5000,7.132128000259399
1.1368683772161603E-012,0.3265759944915771
1.1368683772161603E-012,1.1368683772161603E-012
2000,1000,5000,10.44356513023376
1.1084466677857563E-012,0.4261341094970703
1.1084466677857563E-012,1.1084466677857563E-012
3000,1000,5000,12.68040490150452
1.1937117960769683E-012,0.5115149021148682
1.1937117960769683E-012,1.1937117960769683E-012
5000,1000,5000,22.63124394416809
1.1937117960769683E-012,0.7722008228302002
1.1937117960769683E-012,1.1937117960769683E-012
100,1500,5000,0.7525599002838135
2.2737367544323206E-012,0.1807060241699219
2.2737367544323206E-012,2.2737367544323206E-012
250,1500,5000,1.673998832702637
2.1032064978498966E-012,0.1816561222076416
2.1032064978498966E-012,2.1032064978498966E-012
500,1500,5000,3.422672986984253
2.2737367544323206E-012,0.2362749576568604
2.2737367544323206E-012,2.2737367544323206E-012
750,1500,5000,5.799319982528687
2.2168933355715126E-012,0.2771790027618408
2.2168933355715126E-012,2.2168933355715126E-012
1000,1500,5000,9.358067989349365
2.3305801732931286E-012,0.3464641571044922
2.3305801732931286E-012,2.3305801732931286E-012
1500,1500,5000,9.892153024673462
2.2168933355715126E-012,0.4372367858886719
2.2168933355715126E-012,2.2168933355715126E-012
2000,1500,5000,18.60566902160645
2.2737367544323206E-012,0.5235099792480469
2.2737367544323206E-012,2.2737367544323206E-012
3000,1500,5000,20.02687716484070
2.5011104298755527E-012,0.8179450035095215
2.5011104298755527E-012,2.5011104298755527E-012
5000,1500,5000,44.21946001052856
2.6147972675971687E-012,1.254425048828125
2.6147972675971687E-012,2.6147972675971687E-012
100,2000,5000,0.9489810466766357
2.9558577807620168E-012,0.1948530673980713
2.9558577807620168E-012,2.9558577807620168E-012
250,2000,5000,2.658617019653320
3.2969182939268649E-012,0.1857669353485107
3.2969182939268649E-012,3.2969182939268649E-012
500,2000,5000,6.065153121948242
2.9558577807620168E-012,0.2221899032592773
2.9558577807620168E-012,2.9558577807620168E-012
750,2000,5000,10.45714616775513
3.0695446184836328E-012,0.3274309635162354
3.0695446184836328E-012,3.0695446184836328E-012
1000,2000,5000,21.48969006538391
3.1832314562052488E-012,0.3807280063629150
3.1832314562052488E-012,3.1832314562052488E-012
1500,2000,5000,25.55201482772827
3.3537617127876729E-012,0.5115749835968018
3.3537617127876729E-012,3.3537617127876729E-012
2000,2000,5000,47.58762598037720
3.1832314562052488E-012,0.6002659797668457
3.1832314562052488E-012,3.1832314562052488E-012
3000,2000,5000,51.09155392646790
3.2400748750660568E-012,0.8735849857330322
3.2400748750660568E-012,3.2400748750660568E-012
5000,2000,5000,110.7260248661041
3.2969182939268649E-012,1.337941884994507
3.2969182939268649E-012,3.2969182939268649E-012
100,3000,5000,1.613270998001099
5.7980287238024175E-012,0.2121319770812988
5.7980287238024175E-012,5.7980287238024175E-012
250,3000,5000,3.272613048553467
5.7980287238024175E-012,0.2528729438781738
5.7980287238024175E-012,5.7980287238024175E-012
500,3000,5000,27.01004505157471
6.5938365878537297E-012,0.3086531162261963
6.5938365878537297E-012,6.5938365878537297E-012
750,3000,5000,41.31145310401917
6.2527760746888816E-012,0.4329218864440918
6.2527760746888816E-012,6.2527760746888816E-012
1000,3000,5000,54.59744977951050
6.2527760746888816E-012,0.5864098072052002
6.2527760746888816E-012,6.2527760746888816E-012
1500,3000,5000,88.71174693107605
6.0254023992456496E-012,0.8126859664916992
6.0254023992456496E-012,6.0254023992456496E-012
2000,3000,5000,117.7707319259644
7.1622707764618099E-012,0.9828751087188721
7.1622707764618099E-012,7.1622707764618099E-012
3000,3000,5000,196.8903980255127
7.2759576141834259E-012,1.383913993835449
7.2759576141834259E-012,7.2759576141834259E-012
5000,3000,5000,328.7502570152283
6.4801497501321137E-012,2.246221065521240
6.4801497501321137E-012,6.4801497501321137E-012
100,5000,5000,3.384593963623047
1.2960299500264227E-011,0.2448008060455322
1.2960299500264227E-011,1.2960299500264227E-011
250,5000,5000,10.66536188125610
1.3869794202037156E-011,0.3289611339569092
1.3869794202037156E-011,1.3869794202037156E-011
500,5000,5000,51.12210702896118
1.3642420526593924E-011,0.5038309097290039
1.3642420526593924E-011,1.3642420526593924E-011
750,5000,5000,78.99640512466431
1.2960299500264227E-011,0.6862771511077881
1.2960299500264227E-011,1.2960299500264227E-011
1000,5000,5000,107.5791389942169
1.3869794202037156E-011,0.8697538375854492
1.3869794202037156E-011,1.3869794202037156E-011
1500,5000,5000,168.9479110240936
1.3642420526593924E-011,1.159383058547974
1.3642420526593924E-011,1.3642420526593924E-011
2000,5000,5000,232.3370289802551
1.5688783605583012E-011,1.543085098266602
1.5688783605583012E-011,1.5688783605583012E-011
3000,5000,5000,376.9789891242981
1.4324541552923620E-011,2.230376958847046
1.4324541552923620E-011,1.4324541552923620E-011
5000,5000,5000,671.9092588424683
1.4551915228366852E-011,3.524384975433350
1.4551915228366852E-011,1.4551915228366852E-011
