m,n,k,time_int,time_ext,max_error
100,100,100,0.1716451644897461,2.4414062500000000E-004,0.000000000000000
250,100,100,0.1336441040039063,3.7097930908203125E-004,0.000000000000000
500,100,100,0.1333949565887451,6.6089630126953125E-004,0.000000000000000
750,100,100,0.1297028064727783,9.3317031860351563E-004,0.000000000000000
1000,100,100,0.1297001838684082,1.1548995971679688E-003,0.000000000000000
1500,100,100,0.1302139759063721,1.8599033355712891E-003,0.000000000000000
2000,100,100,0.1342568397521973,2.2552013397216797E-003,0.000000000000000
3000,100,100,0.1344079971313477,3.3419132232666016E-003,0.000000000000000
5000,100,100,0.1348540782928467,4.9319267272949219E-003,0.000000000000000
100,250,100,0.1329150199890137,2.8204917907714844E-004,0.000000000000000
250,250,100,0.1273200511932373,4.8494338989257813E-004,0.000000000000000
500,250,100,0.1270809173583984,8.9406967163085938E-004,0.000000000000000
750,250,100,0.1298480033874512,1.2447834014892578E-003,0.000000000000000
1000,250,100,0.1320369243621826,1.5518665313720703E-003,0.000000000000000
1500,250,100,0.1322829723358154,2.3088455200195313E-003,0.000000000000000
2000,250,100,0.1315920352935791,2.7921199798583984E-003,0.000000000000000
3000,250,100,0.1332650184631348,4.0428638458251953E-003,0.000000000000000
5000,250,100,0.1357359886169434,6.6180229187011719E-003,0.000000000000000
100,500,100,0.1272280216217041,3.8909912109375000E-004,0.000000000000000
250,500,100,0.1287138462066650,7.0285797119140625E-004,0.000000000000000
500,500,100,0.1310329437255859,1.1348724365234375E-003,0.000000000000000
750,500,100,0.1278178691864014,1.5950202941894531E-003,0.000000000000000
1000,500,100,0.1288831233978271,2.0911693572998047E-003,0.000000000000000
1500,500,100,0.1289889812469482,2.9280185699462891E-003,0.000000000000000
2000,500,100,0.1304590702056885,3.7910938262939453E-003,0.000000000000000
3000,500,100,0.1320250034332275,5.3570270538330078E-003,0.000000000000000
5000,500,100,0.1366288661956787,8.8818073272705078E-003,0.000000000000000
100,750,100,0.1324470043182373,5.6695938110351563E-004,0.000000000000000
250,750,100,0.1316411495208740,9.2697143554687500E-004,0.000000000000000
500,750,100,0.1289088726043701,1.4300346374511719E-003,0.000000000000000
750,750,100,0.1313819885253906,2.1779537200927734E-003,0.000000000000000
1000,750,100,0.1326398849487305,2.8619766235351563E-003,0.000000000000000
1500,750,100,0.1303200721740723,3.7939548492431641E-003,0.000000000000000
2000,750,100,0.1369900703430176,4.9440860748291016E-003,0.000000000000000
3000,750,100,0.1398630142211914,7.1609020233154297E-003,0.000000000000000
5000,750,100,0.1393010616302490,1.1516809463500977E-002,0.000000000000000
100,1000,100,0.1283669471740723,6.2799453735351563E-004,0.000000000000000
250,1000,100,0.1283321380615234,1.0828971862792969E-003,0.000000000000000
500,1000,100,0.1295900344848633,1.8689632415771484E-003,0.000000000000000
750,1000,100,0.1306040287017822,2.6628971099853516E-003,0.000000000000000
1000,1000,100,0.1336040496826172,3.6258697509765625E-003,0.000000000000000
1500,1000,100,0.1347789764404297,5.2540302276611328E-003,0.000000000000000
2000,1000,100,0.1359238624572754,6.2232017517089844E-003,0.000000000000000
3000,1000,100,0.1369438171386719,9.2329978942871094E-003,0.000000000000000
5000,1000,100,0.1480450630187988,1.6340970993041992E-002,0.000000000000000
100,1500,100,0.1267690658569336,8.8906288146972656E-004,0.000000000000000
250,1500,100,0.1303460597991943,1.3389587402343750E-003,0.000000000000000
500,1500,100,0.1318309307098389,2.5680065155029297E-003,0.000000000000000
750,1500,100,0.1292810440063477,3.3240318298339844E-003,0.000000000000000
1000,1500,100,0.1354420185089111,4.3561458587646484E-003,0.000000000000000
1500,1500,100,0.1380190849304199,6.2808990478515625E-003,0.000000000000000
2000,1500,100,0.1373620033264160,8.2180500030517578E-003,0.000000000000000
3000,1500,100,0.1406531333923340,1.1646986007690430E-002,0.000000000000000
5000,1500,100,0.1459510326385498,1.8719911575317383E-002,0.000000000000000
100,2000,100,0.1285560131072998,1.1150836944580078E-003,0.000000000000000
250,2000,100,0.1299240589141846,2.0220279693603516E-003,0.000000000000000
500,2000,100,0.1310448646545410,3.3771991729736328E-003,0.000000000000000
750,2000,100,0.1352410316467285,4.9190521240234375E-003,0.000000000000000
1000,2000,100,0.1352598667144775,6.4661502838134766E-003,0.000000000000000
1500,2000,100,0.1428279876708984,9.7088813781738281E-003,0.000000000000000
2000,2000,100,0.1424920558929443,1.2531995773315430E-002,0.000000000000000
3000,2000,100,0.1488089561462402,1.9169092178344727E-002,0.000000000000000
5000,2000,100,0.1619410514831543,2.8489112854003906E-002,0.000000000000000
100,3000,100,0.1318819522857666,1.5220642089843750E-003,0.000000000000000
250,3000,100,0.1317121982574463,2.6600360870361328E-003,0.000000000000000
500,3000,100,0.1369981765747070,4.4870376586914063E-003,0.000000000000000
750,3000,100,0.1346030235290527,5.9869289398193359E-003,0.000000000000000
1000,3000,100,0.1386928558349609,8.7039470672607422E-003,0.000000000000000
1500,3000,100,0.1379170417785645,1.1272907257080078E-002,0.000000000000000
2000,3000,100,0.1425609588623047,1.4778137207031250E-002,0.000000000000000
3000,3000,100,0.1495649814605713,2.0556926727294922E-002,0.000000000000000
5000,3000,100,0.1625950336456299,3.4673929214477539E-002,0.000000000000000
100,5000,100,0.1299519538879395,2.1879673004150391E-003,0.000000000000000
250,5000,100,0.1390490531921387,4.3830871582031250E-003,0.000000000000000
500,5000,100,0.1373379230499268,7.6639652252197266E-003,0.000000000000000
750,5000,100,0.1418468952178955,1.0792016983032227E-002,0.000000000000000
1000,5000,100,0.1421070098876953,1.3170957565307617E-002,0.000000000000000
1500,5000,100,0.1478381156921387,1.9022941589355469E-002,0.000000000000000
2000,5000,100,0.1553800106048584,2.4255037307739258E-002,0.000000000000000
3000,5000,100,0.1629338264465332,3.3035039901733398E-002,0.000000000000000
5000,5000,100,0.1863830089569092,5.1251888275146484E-002,0.000000000000000
100,100,250,0.1339290142059326,3.9601325988769531E-004,0.000000000000000
250,100,250,0.1264140605926514,7.5197219848632813E-004,0.000000000000000
500,100,250,0.1268780231475830,1.6860961914062500E-003,0.000000000000000
750,100,250,0.1332559585571289,1.9390583038330078E-003,0.000000000000000
1000,100,250,0.1341879367828369,2.4220943450927734E-003,0.000000000000000
1500,100,250,0.1328551769256592,3.5791397094726563E-003,0.000000000000000
2000,100,250,0.1360719203948975,4.6830177307128906E-003,0.000000000000000
3000,100,250,0.1377730369567871,6.8318843841552734E-003,0.000000000000000
5000,100,250,0.1415610313415527,1.0900020599365234E-002,0.000000000000000
100,250,250,0.1302530765533447,5.3095817565917969E-004,0.000000000000000
250,250,250,0.1278970241546631,9.7393989562988281E-004,0.000000000000000
500,250,250,0.1296808719635010,1.6951560974121094E-003,0.000000000000000
750,250,250,0.1319549083709717,2.4559497833251953E-003,0.000000000000000
1000,250,250,0.1314721107482910,2.9258728027343750E-003,0.000000000000000
1500,250,250,0.1390478610992432,4.3230056762695313E-003,0.000000000000000
2000,250,250,0.1377701759338379,5.7270526885986328E-003,0.000000000000000
3000,250,250,0.1416819095611572,8.4798336029052734E-003,0.000000000000000
5000,250,250,0.1478619575500488,1.3576030731201172E-002,0.000000000000000
100,500,250,0.1313560009002686,8.3613395690917969E-004,0.000000000000000
250,500,250,0.1315519809722900,1.3060569763183594E-003,0.000000000000000
500,500,250,0.1306080818176270,2.2320747375488281E-003,0.000000000000000
750,500,250,0.1353650093078613,3.1650066375732422E-003,0.000000000000000
1000,500,250,0.1298339366912842,3.9439201354980469E-003,0.000000000000000
1500,500,250,0.1330609321594238,5.6519508361816406E-003,0.000000000000000
2000,500,250,0.1364510059356689,7.5948238372802734E-003,0.000000000000000
3000,500,250,0.1385118961334229,1.0913848876953125E-002,0.000000000000000
5000,500,250,0.1453208923339844,1.8182992935180664E-002,0.000000000000000
100,750,250,0.1307110786437988,9.0217590332031250E-004,0.000000000000000
250,750,250,0.1302430629730225,1.4281272888183594E-003,0.000000000000000
500,750,250,0.1356937885284424,2.6419162750244141E-003,0.000000000000000
750,750,250,0.1300790309906006,3.6630630493164063E-003,0.000000000000000
1000,750,250,0.1308720111846924,4.7049522399902344E-003,0.000000000000000
1500,750,250,0.1361110210418701,6.9320201873779297E-003,0.000000000000000
2000,750,250,0.1377429962158203,8.9731216430664063E-003,0.000000000000000
3000,750,250,0.1424701213836670,1.3046026229858398E-002,0.000000000000000
5000,750,250,0.1479089260101318,2.1718978881835938E-002,0.000000000000000
100,1000,250,0.1276772022247314,1.0910034179687500E-003,0.000000000000000
250,1000,250,0.1288650035858154,1.8780231475830078E-003,0.000000000000000
500,1000,250,0.1263689994812012,3.1948089599609375E-003,0.000000000000000
750,1000,250,0.1344649791717529,4.5061111450195313E-003,0.000000000000000
1000,1000,250,0.1353390216827393,5.7561397552490234E-003,0.000000000000000
1500,1000,250,0.1338820457458496,8.6739063262939453E-003,0.000000000000000
2000,1000,250,0.1378359794616699,1.1062145233154297E-002,0.000000000000000
3000,1000,250,0.1412360668182373,1.6515016555786133E-002,0.000000000000000
5000,1000,250,0.1577320098876953,2.5851011276245117E-002,0.000000000000000
100,1500,250,0.1301860809326172,1.4629364013671875E-003,0.000000000000000
250,1500,250,0.1299808025360107,2.3860931396484375E-003,0.000000000000000
500,1500,250,0.1349079608917236,4.3067932128906250E-003,0.000000000000000
750,1500,250,0.1306738853454590,5.6400299072265625E-003,0.000000000000000
1000,1500,250,0.1378529071807861,7.1229934692382813E-003,0.000000000000000
1500,1500,250,0.1394779682159424,1.0392189025878906E-002,0.000000000000000
2000,1500,250,0.1445980072021484,1.3524055480957031E-002,0.000000000000000
3000,1500,250,0.1481721401214600,1.9798040390014648E-002,0.000000000000000
5000,1500,250,0.1657898426055908,3.3504009246826172E-002,0.000000000000000
100,2000,250,0.1359250545501709,2.0999908447265625E-003,0.000000000000000
250,2000,250,0.1319661140441895,3.5889148712158203E-003,0.000000000000000
500,2000,250,0.1335558891296387,6.0648918151855469E-003,0.000000000000000
750,2000,250,0.1353631019592285,8.3429813385009766E-003,0.000000000000000
1000,2000,250,0.1407980918884277,1.1236906051635742E-002,0.000000000000000
1500,2000,250,0.1467950344085693,1.6358137130737305E-002,0.000000000000000
2000,2000,250,0.1504268646240234,2.0452976226806641E-002,0.000000000000000
3000,2000,250,0.1628091335296631,3.0241012573242188E-002,0.000000000000000
5000,2000,250,0.1843371391296387,5.2131891250610352E-002,0.000000000000000
100,3000,250,0.1343581676483154,2.4530887603759766E-003,0.000000000000000
250,3000,250,0.1340470314025879,4.0950775146484375E-003,0.000000000000000
500,3000,250,0.1379520893096924,7.0660114288330078E-003,0.000000000000000
750,3000,250,0.1395790576934814,9.5961093902587891E-003,0.000000000000000
1000,3000,250,0.1435708999633789,1.2544155120849609E-002,0.000000000000000
1500,3000,250,0.1470279693603516,1.8105983734130859E-002,0.000000000000000
2000,3000,250,0.1574468612670898,2.4434089660644531E-002,0.000000000000000
3000,3000,250,0.1656081676483154,3.4708976745605469E-002,0.000000000000000
5000,3000,250,0.1889259815216064,5.6734085083007813E-002,0.000000000000000
100,5000,250,0.1354391574859619,3.9961338043212891E-003,0.000000000000000
250,5000,250,0.1383788585662842,6.6001415252685547E-003,0.000000000000000
500,5000,250,0.1442410945892334,1.1503934860229492E-002,0.000000000000000
750,5000,250,0.1445739269256592,1.5841007232666016E-002,0.000000000000000
1000,5000,250,0.1534440517425537,2.0549058914184570E-002,0.000000000000000
1500,5000,250,0.1598320007324219,2.8168916702270508E-002,0.000000000000000
2000,5000,250,0.1696128845214844,3.8427114486694336E-002,0.000000000000000
3000,5000,250,0.1863441467285156,5.3480148315429688E-002,0.000000000000000
5000,5000,250,0.2242319583892822,9.3523025512695313E-002,0.000000000000000
100,100,500,0.1204760074615479,6.9618225097656250E-004,0.000000000000000
250,100,500,0.1314818859100342,1.6160011291503906E-003,0.000000000000000
500,100,500,0.1271889209747314,2.9778480529785156E-003,0.000000000000000
750,100,500,0.1263599395751953,3.6828517913818359E-003,0.000000000000000
1000,100,500,0.1265151500701904,4.6360492706298828E-003,0.000000000000000
1500,100,500,0.1267549991607666,6.7260265350341797E-003,0.000000000000000
2000,100,500,0.1371619701385498,8.8789463043212891E-003,0.000000000000000
3000,100,500,0.1412818431854248,1.2658119201660156E-002,0.000000000000000
5000,100,500,0.1534800529479980,2.1188974380493164E-002,0.000000000000000
100,250,500,0.1268560886383057,9.7203254699707031E-004,0.000000000000000
250,250,500,0.1320450305938721,1.7647743225097656E-003,0.000000000000000
500,250,500,0.1356101036071777,3.0238628387451172E-003,0.000000000000000
750,250,500,0.1321759223937988,4.3759346008300781E-003,0.000000000000000
1000,250,500,0.1357619762420654,5.7349205017089844E-003,0.000000000000000
1500,250,500,0.1363451480865479,8.3680152893066406E-003,0.000000000000000
2000,250,500,0.1388020515441895,1.0782957077026367E-002,0.000000000000000
3000,250,500,0.1433880329132080,1.5799999237060547E-002,0.000000000000000
5000,250,500,0.1518537998199463,2.5720834732055664E-002,0.000000000000000
100,500,500,0.1317780017852783,1.1889934539794922E-003,0.000000000000000
250,500,500,0.1312551498413086,2.2051334381103516E-003,0.000000000000000
500,500,500,0.1379370689392090,3.8659572601318359E-003,0.000000000000000
750,500,500,0.1362922191619873,5.5980682373046875E-003,0.000000000000000
1000,500,500,0.1365909576416016,7.0312023162841797E-003,0.000000000000000
1500,500,500,0.1393890380859375,1.0205984115600586E-002,0.000000000000000
2000,500,500,0.1418070793151855,1.3237953186035156E-002,0.000000000000000
3000,500,500,0.1460688114166260,1.9387960433959961E-002,0.000000000000000
5000,500,500,0.1572210788726807,3.1385183334350586E-002,0.000000000000000
100,750,500,0.1332199573516846,1.4607906341552734E-003,0.000000000000000
250,750,500,0.1369600296020508,2.7019977569580078E-003,0.000000000000000
500,750,500,0.1370010375976563,4.7090053558349609E-003,0.000000000000000
750,750,500,0.1364519596099854,6.2589645385742188E-003,0.000000000000000
1000,750,500,0.1380300521850586,8.5871219635009766E-003,0.000000000000000
1500,750,500,0.1418738365173340,1.2280941009521484E-002,0.000000000000000
2000,750,500,0.1398451328277588,1.5542984008789063E-002,0.000000000000000
3000,750,500,0.1503129005432129,2.3313045501708984E-002,0.000000000000000
5000,750,500,0.1650278568267822,3.8210868835449219E-002,0.000000000000000
100,1000,500,0.1282751560211182,1.8579959869384766E-003,0.000000000000000
250,1000,500,0.1320648193359375,3.1850337982177734E-003,0.000000000000000
500,1000,500,0.1374609470367432,5.4471492767333984E-003,0.000000000000000
750,1000,500,0.1353340148925781,7.5709819793701172E-003,0.000000000000000
1000,1000,500,0.1388409137725830,9.9117755889892578E-003,0.000000000000000
1500,1000,500,0.1429090499877930,1.4381885528564453E-002,0.000000000000000
2000,1000,500,0.1436290740966797,1.8558979034423828E-002,0.000000000000000
3000,1000,500,0.1525700092315674,2.6894807815551758E-002,0.000000000000000
5000,1000,500,0.1695439815521240,3.7559032440185547E-002,0.000000000000000
100,1500,500,0.1204938888549805,2.4089813232421875E-003,0.000000000000000
250,1500,500,0.1337699890136719,4.0998458862304688E-003,0.000000000000000
500,1500,500,0.1330471038818359,6.6258907318115234E-003,0.000000000000000
750,1500,500,0.1370649337768555,9.5829963684082031E-003,0.000000000000000
1000,1500,500,0.1390171051025391,1.2293815612792969E-002,0.000000000000000
1500,1500,500,0.1441681385040283,1.7432928085327148E-002,0.000000000000000
2000,1500,500,0.1353039741516113,2.0884037017822266E-002,0.000000000000000
3000,1500,500,0.1645629405975342,3.4428119659423828E-002,0.000000000000000
5000,1500,500,0.1845660209655762,5.6127071380615234E-002,0.000000000000000
100,2000,500,0.1346540451049805,3.7522315979003906E-003,0.000000000000000
250,2000,500,0.1110098361968994,4.5280456542968750E-003,0.000000000000000
500,2000,500,0.1112461090087891,7.8079700469970703E-003,0.000000000000000
750,2000,500,0.1109490394592285,1.1162996292114258E-002,0.000000000000000
1000,2000,500,0.1387920379638672,1.8056869506835938E-002,0.000000000000000
1500,2000,500,0.1553161144256592,2.7410984039306641E-002,0.000000000000000
2000,2000,500,0.1439859867095947,3.1581878662109375E-002,0.000000000000000
3000,2000,500,0.1680359840393066,5.1505088806152344E-002,0.000000000000000
5000,2000,500,0.1672010421752930,6.8023920059204102E-002,0.000000000000000
100,3000,500,0.1010489463806152,2.8369426727294922E-003,0.000000000000000
250,3000,500,0.1025869846343994,4.9769878387451172E-003,0.000000000000000
500,3000,500,0.1100308895111084,8.5599422454833984E-003,0.000000000000000
750,3000,500,0.1133520603179932,1.2279033660888672E-002,0.000000000000000
1000,3000,500,0.1358869075775146,1.8216133117675781E-002,0.000000000000000
1500,3000,500,0.1546070575714111,3.0104875564575195E-002,0.000000000000000
2000,3000,500,0.1662099361419678,3.9506912231445313E-002,0.000000000000000
3000,3000,500,0.1672389507293701,4.9743890762329102E-002,0.000000000000000
5000,3000,500,0.2213389873504639,9.1307878494262695E-002,0.000000000000000
100,5000,500,0.1206588745117188,4.9850940704345703E-003,0.000000000000000
250,5000,500,0.1312680244445801,1.0812997817993164E-002,0.000000000000000
500,5000,500,0.1239490509033203,1.7673015594482422E-002,0.000000000000000
750,5000,500,0.1412949562072754,2.7909040451049805E-002,0.000000000000000
1000,5000,500,0.1441211700439453,4.1575193405151367E-002,0.000000000000000
1500,5000,500,0.1862208843231201,6.7653894424438477E-002,0.000000000000000
2000,5000,500,0.1849610805511475,7.7645063400268555E-002,0.000000000000000
3000,5000,500,0.2709650993347168,0.1364829540252686,0.000000000000000
5000,5000,500,0.3649098873138428,0.1986780166625977,0.000000000000000
100,100,750,0.1110010147094727,6.8187713623046875E-004,0.000000000000000
250,100,750,0.1212968826293945,2.0000934600830078E-003,0.000000000000000
500,100,750,0.1177399158477783,2.5849342346191406E-003,0.000000000000000
750,100,750,0.1084821224212646,4.0400028228759766E-003,0.000000000000000
1000,100,750,0.1122429370880127,5.4059028625488281E-003,0.000000000000000
1500,100,750,0.1200480461120605,7.5490474700927734E-003,0.000000000000000
2000,100,750,0.1171431541442871,1.0975837707519531E-002,0.000000000000000
3000,100,750,0.1428768634796143,2.0061016082763672E-002,0.000000000000000
5000,100,750,0.1528041362762451,3.3035993576049805E-002,0.000000000000000
100,250,750,0.1167688369750977,8.5783004760742188E-004,0.000000000000000
250,250,750,0.1126749515533447,1.7809867858886719E-003,0.000000000000000
500,250,750,0.1318418979644775,4.3711662292480469E-003,0.000000000000000
750,250,750,0.1375288963317871,6.4489841461181641E-003,0.000000000000000
1000,250,750,0.1380817890167236,8.3279609680175781E-003,0.000000000000000
1500,250,750,0.1431670188903809,1.1776924133300781E-002,0.000000000000000
2000,250,750,0.1405351161956787,1.5572071075439453E-002,0.000000000000000
3000,250,750,0.1488959789276123,2.2795915603637695E-002,0.000000000000000
5000,250,750,0.1638789176940918,3.7384986877441406E-002,0.000000000000000
100,500,750,0.1308732032775879,1.6040802001953125E-003,0.000000000000000
250,500,750,0.1300461292266846,3.1011104583740234E-003,0.000000000000000
500,500,750,0.1363170146942139,5.5940151214599609E-003,0.000000000000000
750,500,750,0.1413218975067139,8.1779956817626953E-003,0.000000000000000
1000,500,750,0.1123828887939453,6.3450336456298828E-003,0.000000000000000
1500,500,750,0.1235568523406982,1.1034011840820313E-002,0.000000000000000
2000,500,750,0.1357870101928711,1.8522977828979492E-002,0.000000000000000
3000,500,750,0.1599221229553223,2.8192996978759766E-002,0.000000000000000
5000,500,750,0.1788320541381836,4.6224832534790039E-002,0.000000000000000
100,750,750,0.1292002201080322,2.0909309387207031E-003,0.000000000000000
250,750,750,0.1334490776062012,3.6749839782714844E-003,0.000000000000000
500,750,750,0.1371898651123047,6.3118934631347656E-003,0.000000000000000
750,750,750,0.1281948089599609,6.7939758300781250E-003,0.000000000000000
1000,750,750,0.1270189285278320,9.0479850769042969E-003,0.000000000000000
1500,750,750,0.1433198451995850,1.7062902450561523E-002,0.000000000000000
2000,750,750,0.1491639614105225,2.1595001220703125E-002,0.000000000000000
3000,750,750,0.1516189575195313,2.4852991104125977E-002,0.000000000000000
5000,750,750,0.1698839664459229,5.3998947143554688E-002,0.000000000000000
100,1000,750,0.1288111209869385,2.6628971099853516E-003,0.000000000000000
250,1000,750,0.1325349807739258,4.4209957122802734E-003,0.000000000000000
500,1000,750,0.1361060142517090,7.5950622558593750E-003,0.000000000000000
750,1000,750,0.1409640312194824,1.1234998703002930E-002,0.000000000000000
1000,1000,750,0.1475999355316162,1.4464855194091797E-002,0.000000000000000
1500,1000,750,0.1504459381103516,2.0679950714111328E-002,0.000000000000000
2000,1000,750,0.1561298370361328,2.6559114456176758E-002,0.000000000000000
3000,1000,750,0.1653008460998535,3.8275957107543945E-002,0.000000000000000
5000,1000,750,0.1988220214843750,6.5185070037841797E-002,0.000000000000000
100,1500,750,0.1336519718170166,3.7291049957275391E-003,0.000000000000000
250,1500,750,0.1330471038818359,5.5811405181884766E-003,0.000000000000000
500,1500,750,0.1388850212097168,9.3159675598144531E-003,0.000000000000000
750,1500,750,0.1413140296936035,1.3249874114990234E-002,0.000000000000000
1000,1500,750,0.1450622081756592,1.7224788665771484E-002,0.000000000000000
1500,1500,750,0.1518218517303467,2.4534940719604492E-002,0.000000000000000
2000,1500,750,0.1592359542846680,3.2057046890258789E-002,0.000000000000000
3000,1500,750,0.1718919277191162,4.6198129653930664E-002,0.000000000000000
5000,1500,750,0.2077770233154297,7.7213048934936523E-002,0.000000000000000
100,2000,750,0.1369051933288574,5.3339004516601563E-003,0.000000000000000
250,2000,750,0.1353800296783447,8.2278251647949219E-003,0.000000000000000
500,2000,750,0.1448080539703369,1.4416217803955078E-002,0.000000000000000
750,2000,750,0.1487319469451904,2.0520210266113281E-002,0.000000000000000
1000,2000,750,0.1549899578094482,2.6372909545898438E-002,0.000000000000000
1500,2000,750,0.1709721088409424,3.7827014923095703E-002,0.000000000000000
2000,2000,750,0.1813509464263916,4.9386978149414063E-002,0.000000000000000
3000,2000,750,0.2001998424530029,7.3227167129516602E-002,0.000000000000000
5000,2000,750,0.2458550930023193,0.1201238632202148,0.000000000000000
100,3000,750,0.1306998729705811,6.7498683929443359E-003,0.000000000000000
250,3000,750,0.1356589794158936,1.1224985122680664E-002,0.000000000000000
500,3000,750,0.1416859626770020,1.8059968948364258E-002,0.000000000000000
750,3000,750,0.1501040458679199,2.7557849884033203E-002,0.000000000000000
1000,3000,750,0.1508247852325439,3.5784959793090820E-002,0.000000000000000
1500,3000,750,0.1700830459594727,5.3229093551635742E-002,0.000000000000000
2000,3000,750,0.1942389011383057,7.1637868881225586E-002,0.000000000000000
3000,3000,750,0.2444570064544678,0.1069018840789795,0.000000000000000
5000,3000,750,0.3346149921417236,0.1799621582031250,0.000000000000000
100,5000,750,0.1371920108795166,9.6840858459472656E-003,0.000000000000000
250,5000,750,0.1418139934539795,2.1142959594726563E-002,0.000000000000000
500,5000,750,0.1497418880462646,4.1420221328735352E-002,0.000000000000000
750,5000,750,0.1640679836273193,6.1599969863891602E-002,0.000000000000000
1000,5000,750,0.1841919422149658,8.0930948257446289E-002,0.000000000000000
1500,5000,750,0.2263321876525879,0.1203877925872803,0.000000000000000
2000,5000,750,0.2779150009155273,0.1618289947509766,0.000000000000000
3000,5000,750,0.3772919178009033,0.2429130077362061,0.000000000000000
5000,5000,750,0.5522210597991943,0.3701970577239990,0.000000000000000
100,100,1000,9.5201969146728516E-002,7.1096420288085938E-004,0.000000000000000
250,100,1000,0.1121690273284912,2.2189617156982422E-003,0.000000000000000
500,100,1000,0.1333658695220947,4.7039985656738281E-003,0.000000000000000
750,100,1000,0.1304538249969482,7.0838928222656250E-003,0.000000000000000
1000,100,1000,0.1235570907592773,6.5400600433349609E-003,0.000000000000000
1500,100,1000,0.1305449008941650,1.3901948928833008E-002,0.000000000000000
2000,100,1000,0.1401078701019287,1.7760038375854492E-002,0.000000000000000
3000,100,1000,0.1478910446166992,2.6284217834472656E-002,0.000000000000000
5000,100,1000,0.1665720939636230,4.4963836669921875E-002,0.000000000000000
100,250,1000,0.1314408779144287,1.5559196472167969E-003,0.000000000000000
250,250,1000,0.1138970851898193,1.7559528350830078E-003,0.000000000000000
500,250,1000,0.1191229820251465,4.3151378631591797E-003,0.000000000000000
750,250,1000,0.1370949745178223,8.0399513244628906E-003,0.000000000000000
1000,250,1000,0.1363840103149414,1.0313987731933594E-002,0.000000000000000
1500,250,1000,0.1430218219757080,1.5086889266967773E-002,0.000000000000000
2000,250,1000,0.1487169265747070,2.0278930664062500E-002,0.000000000000000
3000,250,1000,0.1591091156005859,2.9551029205322266E-002,0.000000000000000
5000,250,1000,0.1350839138031006,2.9111146926879883E-002,0.000000000000000
100,500,1000,0.1178109645843506,1.5950202941894531E-003,0.000000000000000
250,500,1000,0.1322939395904541,3.9370059967041016E-003,0.000000000000000
500,500,1000,0.1324591636657715,6.9849491119384766E-003,0.000000000000000
750,500,1000,0.1397259235382080,1.0004997253417969E-002,0.000000000000000
1000,500,1000,0.1451878547668457,1.2859821319580078E-002,0.000000000000000
1500,500,1000,0.1344881057739258,1.8268108367919922E-002,0.000000000000000
2000,500,1000,0.1583318710327148,2.4447917938232422E-002,0.000000000000000
3000,500,1000,0.1622939109802246,3.5730123519897461E-002,0.000000000000000
5000,500,1000,0.1845951080322266,5.9396982192993164E-002,0.000000000000000
100,750,1000,0.1273369789123535,2.6540756225585938E-003,0.000000000000000
250,750,1000,0.1367361545562744,4.7349929809570313E-003,0.000000000000000
500,750,1000,0.1352920532226563,8.2890987396240234E-003,0.000000000000000
750,750,1000,0.1377799510955811,1.1431932449340820E-002,0.000000000000000
1000,750,1000,0.1483340263366699,1.5343904495239258E-002,0.000000000000000
1500,750,1000,0.1478087902069092,2.1759033203125000E-002,0.000000000000000
2000,750,1000,0.1614308357238770,2.8939008712768555E-002,0.000000000000000
3000,750,1000,0.1679551601409912,4.2155981063842773E-002,0.000000000000000
5000,750,1000,0.1973409652709961,6.7426919937133789E-002,0.000000000000000
100,1000,1000,0.1288850307464600,3.3199787139892578E-003,0.000000000000000
250,1000,1000,0.1083350181579590,3.9758682250976563E-003,0.000000000000000
500,1000,1000,0.1217849254608154,8.6669921875000000E-003,0.000000000000000
750,1000,1000,0.1449139118194580,1.4158964157104492E-002,0.000000000000000
1000,1000,1000,0.1456348896026611,1.8147945404052734E-002,0.000000000000000
1500,1000,1000,0.1554059982299805,2.6414871215820313E-002,0.000000000000000
2000,1000,1000,0.1622788906097412,3.4004211425781250E-002,0.000000000000000
3000,1000,1000,0.1794497966766357,5.0909042358398438E-002,0.000000000000000
5000,1000,1000,0.2138838768005371,8.2465171813964844E-002,0.000000000000000
100,1500,1000,0.1326580047607422,4.7531127929687500E-003,0.000000000000000
250,1500,1000,0.1333889961242676,7.7431201934814453E-003,0.000000000000000
500,1500,1000,0.1388618946075439,1.2280941009521484E-002,0.000000000000000
750,1500,1000,0.1438081264495850,1.7326831817626953E-002,0.000000000000000
1000,1500,1000,0.1467700004577637,2.1948099136352539E-002,0.000000000000000
1500,1500,1000,0.1587190628051758,3.1620025634765625E-002,0.000000000000000
2000,1500,1000,0.1657199859619141,4.1121006011962891E-002,0.000000000000000
3000,1500,1000,0.1966550350189209,6.1985015869140625E-002,0.000000000000000
5000,1500,1000,0.2475340366363525,0.1013600826263428,0.000000000000000
100,2000,1000,0.1344571113586426,6.1721801757812500E-003,0.000000000000000
250,2000,1000,0.1384232044219971,1.0339975357055664E-002,0.000000000000000
500,2000,1000,0.1384658813476563,1.7485857009887695E-002,0.000000000000000
750,2000,1000,0.1534919738769531,2.6342868804931641E-002,0.000000000000000
1000,2000,1000,0.1568450927734375,3.3363103866577148E-002,0.000000000000000
1500,2000,1000,0.1687600612640381,4.7430038452148438E-002,0.000000000000000
2000,2000,1000,0.2003338336944580,6.4120054244995117E-002,0.000000000000000
3000,2000,1000,0.2226519584655762,9.5839977264404297E-002,0.000000000000000
5000,2000,1000,0.2766580581665039,0.1614420413970947,0.000000000000000
100,3000,1000,0.1294560432434082,7.9789161682128906E-003,0.000000000000000
250,3000,1000,0.1371018886566162,1.6806125640869141E-002,0.000000000000000
500,3000,1000,0.1437151432037354,3.0507802963256836E-002,0.000000000000000
750,3000,1000,0.1517181396484375,4.4707059860229492E-002,0.000000000000000
1000,3000,1000,0.1736960411071777,6.0693979263305664E-002,0.000000000000000
1500,3000,1000,0.1819560527801514,8.9934110641479492E-002,0.000000000000000
2000,3000,1000,0.2359428405761719,0.1204462051391602,0.000000000000000
3000,3000,1000,0.3022999763488770,0.1765007972717285,0.000000000000000
5000,3000,1000,0.4424989223480225,0.2936110496520996,0.000000000000000
100,5000,1000,0.1361200809478760,1.4410018920898438E-002,0.000000000000000
250,5000,1000,0.1449370384216309,3.0962944030761719E-002,0.000000000000000
500,5000,1000,0.1627330780029297,5.9455871582031250E-002,0.000000000000000
750,5000,1000,0.1789791584014893,8.6828947067260742E-002,0.000000000000000
1000,5000,1000,0.2278771400451660,0.1230809688568115,0.000000000000000
1500,5000,1000,0.2511529922485352,0.1652119159698486,0.000000000000000
2000,5000,1000,0.3467648029327393,0.2301378250122070,0.000000000000000
3000,5000,1000,0.4706130027770996,0.3345069885253906,0.000000000000000
5000,5000,1000,0.7287290096282959,0.5569031238555908,0.000000000000000
100,100,1500,0.1117517948150635,1.2769699096679688E-003,0.000000000000000
250,100,1500,0.1200480461120605,2.5858879089355469E-003,0.000000000000000
500,100,1500,0.1173799037933350,4.9490928649902344E-003,0.000000000000000
750,100,1500,0.1159470081329346,7.8711509704589844E-003,0.000000000000000
1000,100,1500,0.1317999362945557,1.3544082641601563E-002,0.000000000000000
1500,100,1500,0.1190700531005859,1.1281967163085938E-002,0.000000000000000
2000,100,1500,0.1292908191680908,2.2421836853027344E-002,0.000000000000000
3000,100,1500,0.1169059276580811,2.2305965423583984E-002,0.000000000000000
5000,100,1500,0.1322698593139648,3.6217927932739258E-002,0.000000000000000
100,250,1500,0.1014811992645264,1.2509822845458984E-003,0.000000000000000
250,250,1500,0.1049461364746094,2.4349689483642578E-003,0.000000000000000
500,250,1500,0.1170508861541748,6.2880516052246094E-003,0.000000000000000
750,250,1500,0.1264450550079346,1.0299205780029297E-002,0.000000000000000
1000,250,1500,0.1275711059570313,1.1209011077880859E-002,0.000000000000000
1500,250,1500,0.1145930290222168,1.3395071029663086E-002,0.000000000000000
2000,250,1500,0.1163949966430664,1.7775058746337891E-002,0.000000000000000
3000,250,1500,0.1432709693908691,3.4214973449707031E-002,0.000000000000000
5000,250,1500,0.1695659160614014,5.4418087005615234E-002,0.000000000000000
100,500,1500,0.1162300109863281,2.2408962249755859E-003,0.000000000000000
250,500,1500,0.1030681133270264,3.4790039062500000E-003,0.000000000000000
500,500,1500,0.1185741424560547,7.6220035552978516E-003,0.000000000000000
750,500,1500,0.1320600509643555,1.4075040817260742E-002,0.000000000000000
1000,500,1500,0.1271209716796875,1.4234066009521484E-002,0.000000000000000
1500,500,1500,0.1464540958404541,2.6753187179565430E-002,0.000000000000000
2000,500,1500,0.1603929996490479,3.5614013671875000E-002,0.000000000000000
3000,500,1500,0.1521570682525635,4.0734052658081055E-002,0.000000000000000
5000,500,1500,0.1767208576202393,6.6650867462158203E-002,0.000000000000000
100,750,1500,0.1196830272674561,2.7530193328857422E-003,0.000000000000000
250,750,1500,0.1170978546142578,5.3288936614990234E-003,0.000000000000000
500,750,1500,0.1282119750976563,1.0830163955688477E-002,0.000000000000000
750,750,1500,0.1371159553527832,1.3028860092163086E-002,0.000000000000000
1000,750,1500,0.1136629581451416,1.4724016189575195E-002,0.000000000000000
1500,750,1500,0.1175529956817627,2.1577119827270508E-002,0.000000000000000
2000,750,1500,0.1423449516296387,3.3012151718139648E-002,0.000000000000000
3000,750,1500,0.1699481010437012,6.1195135116577148E-002,0.000000000000000
5000,750,1500,0.1698379516601563,6.9412946701049805E-002,0.000000000000000
100,1000,1500,0.1022119522094727,3.0050277709960938E-003,0.000000000000000
250,1000,1500,0.1309709548950195,8.4269046783447266E-003,0.000000000000000
500,1000,1500,0.1429548263549805,1.4281034469604492E-002,0.000000000000000
750,1000,1500,0.1521658897399902,1.9486904144287109E-002,0.000000000000000
1000,1000,1500,0.1463620662689209,2.6030063629150391E-002,0.000000000000000
1500,1000,1500,0.1693460941314697,3.9139986038208008E-002,0.000000000000000
2000,1000,1500,0.1686279773712158,4.0967941284179688E-002,0.000000000000000
3000,1000,1500,0.2015810012817383,7.3987960815429688E-002,0.000000000000000
5000,1000,1500,0.2614920139312744,0.1219179630279541,0.000000000000000
100,1500,1500,0.1269330978393555,6.4539909362792969E-003,0.000000000000000
250,1500,1500,0.1362740993499756,1.1503934860229492E-002,0.000000000000000
500,1500,1500,0.1485369205474854,2.2379159927368164E-002,0.000000000000000
750,1500,1500,0.1547281742095947,2.9602050781250000E-002,0.000000000000000
1000,1500,1500,0.1393167972564697,3.5295963287353516E-002,0.000000000000000
1500,1500,1500,0.1738319396972656,5.8599948883056641E-002,0.000000000000000
2000,1500,1500,0.1898198127746582,8.1579923629760742E-002,0.000000000000000
3000,1500,1500,0.2535679340362549,0.1206820011138916,0.000000000000000
5000,1500,1500,0.3459489345550537,0.1906070709228516,0.000000000000000
100,2000,1500,0.1174161434173584,7.4048042297363281E-003,0.000000000000000
250,2000,1500,0.1242661476135254,1.2396097183227539E-002,0.000000000000000
500,2000,1500,0.1462979316711426,2.7670860290527344E-002,0.000000000000000
750,2000,1500,0.1307091712951660,3.3627033233642578E-002,0.000000000000000
1000,2000,1500,0.1504340171813965,4.8512935638427734E-002,0.000000000000000
1500,2000,1500,0.1899139881134033,7.9200983047485352E-002,0.000000000000000
2000,2000,1500,0.1838259696960449,8.3256959915161133E-002,0.000000000000000
3000,2000,1500,0.2637319564819336,0.1401941776275635,0.000000000000000
5000,2000,1500,0.3333370685577393,0.2202239036560059,0.000000000000000
100,3000,1500,0.1192650794982910,1.2474060058593750E-002,0.000000000000000
250,3000,1500,0.1329741477966309,3.0453920364379883E-002,0.000000000000000
500,3000,1500,0.1236259937286377,4.8599958419799805E-002,0.000000000000000
750,3000,1500,0.1625227928161621,7.9575061798095703E-002,0.000000000000000
1000,3000,1500,0.1677639484405518,9.7536087036132813E-002,0.000000000000000
1500,3000,1500,0.2511620521545410,0.1607840061187744,0.000000000000000
2000,3000,1500,0.2804379463195801,0.1949441432952881,0.000000000000000
3000,3000,1500,0.4251019954681396,0.3116569519042969,0.000000000000000
5000,3000,1500,0.6290638446807861,0.4850130081176758,0.000000000000000
100,5000,1500,0.1082820892333984,1.9991159439086914E-002,0.000000000000000
250,5000,1500,0.1345031261444092,5.0554990768432617E-002,0.000000000000000
500,5000,1500,0.2002561092376709,0.1027889251708984,0.000000000000000
750,5000,1500,0.2399158477783203,0.1464278697967529,0.000000000000000
1000,5000,1500,0.2557561397552490,0.1838328838348389,0.000000000000000
1500,5000,1500,0.3846058845520020,0.2847070693969727,0.000000000000000
2000,5000,1500,0.4779689311981201,0.3679769039154053,0.000000000000000
3000,5000,1500,0.6797399520874023,0.5499291419982910,0.000000000000000
5000,5000,1500,1.114587783813477,0.9156680107116699,0.000000000000000
100,100,2000,0.1191670894622803,2.2981166839599609E-003,0.000000000000000
250,100,2000,0.1284089088439941,3.9920806884765625E-003,0.000000000000000
500,100,2000,0.1019771099090576,4.7030448913574219E-003,0.000000000000000
750,100,2000,0.1182639598846436,9.8719596862792969E-003,0.000000000000000
1000,100,2000,0.1270849704742432,1.5930891036987305E-002,0.000000000000000
1500,100,2000,0.1523251533508301,2.6607990264892578E-002,0.000000000000000
2000,100,2000,0.1232590675354004,1.9735097885131836E-002,0.000000000000000
3000,100,2000,0.1222510337829590,2.9485940933227539E-002,0.000000000000000
5000,100,2000,0.1458709239959717,4.8567056655883789E-002,0.000000000000000
100,250,2000,0.1164190769195557,2.1371841430664063E-003,0.000000000000000
250,250,2000,0.1137969493865967,3.2680034637451172E-003,0.000000000000000
500,250,2000,0.1253740787506104,7.8248977661132813E-003,0.000000000000000
750,250,2000,0.1316890716552734,1.5584945678710938E-002,0.000000000000000
1000,250,2000,0.1336328983306885,1.9687175750732422E-002,0.000000000000000
1500,250,2000,0.1211500167846680,1.7352104187011719E-002,0.000000000000000
2000,250,2000,0.1519279479980469,4.0196895599365234E-002,0.000000000000000
3000,250,2000,0.1858398914337158,5.9921026229858398E-002,0.000000000000000
5000,250,2000,0.2236719131469727,0.1003918647766113,0.000000000000000
100,500,2000,0.1391680240631104,4.0869712829589844E-003,0.000000000000000
250,500,2000,0.1247141361236572,7.6138973236083984E-003,0.000000000000000
500,500,2000,0.1211960315704346,1.0264873504638672E-002,0.000000000000000
750,500,2000,0.1404261589050293,1.8842935562133789E-002,0.000000000000000
1000,500,2000,0.1134839057922363,1.5869855880737305E-002,0.000000000000000
1500,500,2000,0.1381909847259521,2.9059886932373047E-002,0.000000000000000
2000,500,2000,0.1706199645996094,4.6799898147583008E-002,0.000000000000000
3000,500,2000,0.1916561126708984,6.9014072418212891E-002,0.000000000000000
5000,500,2000,0.2432119846343994,0.1170868873596191,0.000000000000000
100,750,2000,0.1395609378814697,5.4628849029541016E-003,0.000000000000000
250,750,2000,0.1381058692932129,9.1938972473144531E-003,0.000000000000000
500,750,2000,0.1299161911010742,1.2406110763549805E-002,0.000000000000000
750,750,2000,0.1476597785949707,2.3032188415527344E-002,0.000000000000000
1000,750,2000,0.1578037738800049,2.9925823211669922E-002,0.000000000000000
1500,750,2000,0.1701190471649170,4.3489933013916016E-002,0.000000000000000
2000,750,2000,0.1845140457153320,5.6638002395629883E-002,0.000000000000000
3000,750,2000,0.2039859294891357,8.1903934478759766E-002,0.000000000000000
5000,750,2000,0.2655761241912842,0.1383769512176514,0.000000000000000
100,1000,2000,0.1340661048889160,6.5841674804687500E-003,0.000000000000000
250,1000,2000,0.1459710597991943,1.1451959609985352E-002,0.000000000000000
500,1000,2000,0.1526658535003662,1.9464015960693359E-002,0.000000000000000
750,1000,2000,0.1612949371337891,2.8257846832275391E-002,0.000000000000000
1000,1000,2000,0.1493859291076660,2.9610872268676758E-002,0.000000000000000
1500,1000,2000,0.1612291336059570,4.1894197463989258E-002,0.000000000000000
2000,1000,2000,0.1862580776214600,6.7369937896728516E-002,0.000000000000000
3000,1000,2000,0.2272160053253174,8.4084987640380859E-002,0.000000000000000
5000,1000,2000,0.3207900524139404,0.1719441413879395,0.000000000000000
100,1500,2000,0.1331000328063965,1.0030984878540039E-002,0.000000000000000
250,1500,2000,0.1281809806823730,1.8867969512939453E-002,0.000000000000000
500,1500,2000,0.1358280181884766,3.6715984344482422E-002,0.000000000000000
750,1500,2000,0.1456081867218018,4.6724081039428711E-002,0.000000000000000
1000,1500,2000,0.1502170562744141,6.7454099655151367E-002,0.000000000000000
1500,1500,2000,0.2031869888305664,9.6333026885986328E-002,0.000000000000000
2000,1500,2000,0.2497859001159668,0.1339330673217773,0.000000000000000
3000,1500,2000,0.3185279369354248,0.2008838653564453,0.000000000000000
5000,1500,2000,0.4776370525360107,0.3111910820007324,0.000000000000000
100,2000,2000,0.1248121261596680,8.9159011840820313E-003,0.000000000000000
250,2000,2000,0.1489582061767578,2.3434877395629883E-002,0.000000000000000
500,2000,2000,0.1574180126190186,3.9366006851196289E-002,0.000000000000000
750,2000,2000,0.1720669269561768,5.8145046234130859E-002,0.000000000000000
1000,2000,2000,0.1924760341644287,8.2377910614013672E-002,0.000000000000000
1500,2000,2000,0.2190501689910889,0.1191451549530029,0.000000000000000
2000,2000,2000,0.2496149539947510,0.1724839210510254,0.000000000000000
3000,2000,2000,0.2948479652404785,0.2254741191864014,0.000000000000000
5000,2000,2000,0.4067659378051758,0.3854329586029053,0.000000000000000
100,3000,2000,0.1232328414916992,1.8111944198608398E-002,0.000000000000000
250,3000,2000,0.1546838283538818,4.3393850326538086E-002,0.000000000000000
500,3000,2000,0.1581869125366211,7.8734874725341797E-002,0.000000000000000
750,3000,2000,0.1786470413208008,0.1081409454345703,0.000000000000000
1000,3000,2000,0.2292900085449219,0.1527421474456787,0.000000000000000
1500,3000,2000,0.3405361175537109,0.2249109745025635,0.000000000000000
2000,3000,2000,0.4041199684143066,0.3070418834686279,0.000000000000000
3000,3000,2000,0.5627820491790771,0.4310150146484375,0.000000000000000
5000,3000,2000,0.8930819034576416,0.7102420330047607,0.000000000000000
100,5000,2000,0.1269850730895996,3.0289173126220703E-002,0.000000000000000
250,5000,2000,0.1448769569396973,6.9940090179443359E-002,0.000000000000000
500,5000,2000,0.2058589458465576,0.1324372291564941,0.000000000000000
750,5000,2000,0.2900009155273438,0.2058060169219971,0.000000000000000
1000,5000,2000,0.3489179611206055,0.2754869461059570,0.000000000000000
1500,5000,2000,0.5034670829772949,0.3840880393981934,0.000000000000000
2000,5000,2000,0.6439571380615234,0.5114600658416748,0.000000000000000
3000,5000,2000,0.9520621299743652,0.7645239830017090,0.000000000000000
5000,5000,2000,1.546863794326782,1.279278993606567,0.000000000000000
100,100,3000,0.1206130981445313,2.9680728912353516E-003,0.000000000000000
250,100,3000,0.1095430850982666,4.0280818939208984E-003,0.000000000000000
500,100,3000,0.1016018390655518,7.0919990539550781E-003,0.000000000000000
750,100,3000,0.1036458015441895,1.1017084121704102E-002,0.000000000000000
1000,100,3000,0.1294910907745361,2.4255990982055664E-002,0.000000000000000
1500,100,3000,0.1504130363464355,3.9086103439331055E-002,0.000000000000000
2000,100,3000,0.1707489490509033,5.1719903945922852E-002,0.000000000000000
3000,100,3000,0.1364121437072754,4.2890071868896484E-002,0.000000000000000
5000,100,3000,0.1648828983306885,7.1081876754760742E-002,0.000000000000000
100,250,3000,0.1134691238403320,2.9370784759521484E-003,0.000000000000000
250,250,3000,0.1213870048522949,6.2241554260253906E-003,0.000000000000000
500,250,3000,0.1100318431854248,9.1259479522705078E-003,0.000000000000000
750,250,3000,0.1289160251617432,1.7525196075439453E-002,0.000000000000000
1000,250,3000,0.1533830165863037,3.0353069305419922E-002,0.000000000000000
1500,250,3000,0.1753089427947998,4.4973134994506836E-002,0.000000000000000
2000,250,3000,0.1895949840545654,5.9775114059448242E-002,0.000000000000000
3000,250,3000,0.2144758701324463,8.8513851165771484E-002,0.000000000000000
5000,250,3000,0.2283778190612793,0.1328978538513184,0.000000000000000
100,500,3000,0.1108119487762451,3.5290718078613281E-003,0.000000000000000
250,500,3000,0.1127331256866455,7.0769786834716797E-003,0.000000000000000
500,500,3000,0.1120951175689697,1.2603044509887695E-002,0.000000000000000
750,500,3000,0.1413700580596924,2.4201154708862305E-002,0.000000000000000
1000,500,3000,0.1482040882110596,2.8628826141357422E-002,0.000000000000000
1500,500,3000,0.1573951244354248,4.2111873626708984E-002,0.000000000000000
2000,500,3000,0.1400270462036133,4.6805143356323242E-002,0.000000000000000
3000,500,3000,0.1645240783691406,6.8622827529907227E-002,0.000000000000000
5000,500,3000,0.2717468738555908,0.1751508712768555,0.000000000000000
100,750,3000,0.1377589702606201,8.8579654693603516E-003,0.000000000000000
250,750,3000,0.1404490470886230,1.6988039016723633E-002,0.000000000000000
500,750,3000,0.1568260192871094,3.0379056930541992E-002,0.000000000000000
750,750,3000,0.1591441631317139,4.1227102279663086E-002,0.000000000000000
1000,750,3000,0.1711201667785645,5.5469989776611328E-002,0.000000000000000
1500,750,3000,0.1845810413360596,8.1985950469970703E-002,0.000000000000000
2000,750,3000,0.2111899852752686,0.1074419021606445,0.000000000000000
3000,750,3000,0.2037360668182373,0.1236710548400879,0.000000000000000
5000,750,3000,0.3631510734558105,0.2676379680633545,0.000000000000000
100,1000,3000,0.1242380142211914,9.7751617431640625E-003,0.000000000000000
250,1000,3000,0.1452240943908691,2.1499156951904297E-002,0.000000000000000
500,1000,3000,0.1205949783325195,3.0845165252685547E-002,0.000000000000000
750,1000,3000,0.1400458812713623,4.9813985824584961E-002,0.000000000000000
1000,1000,3000,0.1658840179443359,6.7766904830932617E-002,0.000000000000000
1500,1000,3000,0.1915400028228760,0.1115491390228271,0.000000000000000
2000,1000,3000,0.2489640712738037,0.1496820449829102,0.000000000000000
3000,1000,3000,0.2651171684265137,0.1758379936218262,0.000000000000000
5000,1000,3000,0.4663729667663574,0.3337528705596924,0.000000000000000
100,1500,3000,0.1390519142150879,1.3530969619750977E-002,0.000000000000000
250,1500,3000,0.1320049762725830,3.4144878387451172E-002,0.000000000000000
500,1500,3000,0.1648740768432617,6.5025806427001953E-002,0.000000000000000
750,1500,3000,0.1635601520538330,8.5844993591308594E-002,0.000000000000000
1000,1500,3000,0.2057211399078369,0.1268329620361328,0.000000000000000
1500,1500,3000,0.2771799564361572,0.1741399765014648,0.000000000000000
2000,1500,3000,0.3224658966064453,0.2287828922271729,0.000000000000000
3000,1500,3000,0.4358618259429932,0.3429780006408691,0.000000000000000
5000,1500,3000,0.6844601631164551,0.5379290580749512,0.000000000000000
100,2000,3000,0.1251389980316162,1.8956899642944336E-002,0.000000000000000
250,2000,3000,0.1338820457458496,3.9345026016235352E-002,0.000000000000000
500,2000,3000,0.1806879043579102,7.9626083374023438E-002,0.000000000000000
750,2000,3000,0.2073068618774414,0.1173629760742188,0.000000000000000
1000,2000,3000,0.2558360099792480,0.1534540653228760,0.000000000000000
1500,2000,3000,0.3437829017639160,0.2120718955993652,0.000000000000000
2000,2000,3000,0.3485519886016846,0.2719910144805908,0.000000000000000
3000,2000,3000,0.5418968200683594,0.4104349613189697,0.000000000000000
5000,2000,3000,0.8467068672180176,0.6747169494628906,0.000000000000000
100,3000,3000,0.1422760486602783,3.4288883209228516E-002,0.000000000000000
250,3000,3000,0.1646318435668945,7.1669101715087891E-002,0.000000000000000
500,3000,3000,0.2125630378723145,0.1309919357299805,0.000000000000000
750,3000,3000,0.2709488868713379,0.1880640983581543,0.000000000000000
1000,3000,3000,0.2979278564453125,0.2324440479278564,0.000000000000000
1500,3000,3000,0.4617569446563721,0.3514239788055420,0.000000000000000
2000,3000,3000,0.5454339981079102,0.4612350463867188,0.000000000000000
3000,3000,3000,0.8560881614685059,0.6948969364166260,0.000000000000000
5000,3000,3000,1.400836944580078,1.152884006500244,0.000000000000000
100,5000,3000,0.1425490379333496,4.9576997756958008E-002,0.000000000000000
250,5000,3000,0.1803939342498779,0.1075589656829834,0.000000000000000
500,5000,3000,0.2917728424072266,0.2184741497039795,0.000000000000000
750,5000,3000,0.3599269390106201,0.3045189380645752,0.000000000000000
1000,5000,3000,0.5063109397888184,0.4039621353149414,0.000000000000000
1500,5000,3000,0.7132239341735840,0.6053810119628906,0.000000000000000
2000,5000,3000,0.9664158821105957,0.8015630245208740,0.000000000000000
3000,5000,3000,1.401060104370117,1.203819036483765,0.000000000000000
5000,5000,3000,2.424392938613892,2.065910100936890,0.000000000000000
100,100,5000,0.1152358055114746,3.7868022918701172E-003,0.000000000000000
250,100,5000,0.1285648345947266,8.1119537353515625E-003,0.000000000000000
500,100,5000,0.1101660728454590,1.1787891387939453E-002,0.000000000000000
750,100,5000,0.1305971145629883,2.3878812789916992E-002,0.000000000000000
1000,100,5000,0.1411259174346924,3.3504009246826172E-002,0.000000000000000
1500,100,5000,0.1543569564819336,4.7481060028076172E-002,0.000000000000000
2000,100,5000,0.1943688392639160,8.5419893264770508E-002,0.000000000000000
3000,100,5000,0.2492089271545410,0.1288251876831055,0.000000000000000
5000,100,5000,0.2182700634002686,0.1195659637451172,0.000000000000000
100,250,5000,0.1240410804748535,5.5270195007324219E-003,0.000000000000000
250,250,5000,0.1455590724945068,1.3972043991088867E-002,0.000000000000000
500,250,5000,0.1565058231353760,2.0382165908813477E-002,0.000000000000000
750,250,5000,0.1623790264129639,4.0885925292968750E-002,0.000000000000000
1000,250,5000,0.1787068843841553,5.1443099975585938E-002,0.000000000000000
1500,250,5000,0.2024121284484863,7.9123020172119141E-002,0.000000000000000
2000,250,5000,0.2209069728851318,0.1033589839935303,0.000000000000000
3000,250,5000,0.1871061325073242,9.3574047088623047E-002,0.000000000000000
5000,250,5000,0.2364790439605713,0.1607389450073242,0.000000000000000
100,500,5000,0.1215031147003174,9.1450214385986328E-003,0.000000000000000
250,500,5000,0.1288549900054932,2.0250082015991211E-002,0.000000000000000
500,500,5000,0.1490519046783447,3.7811994552612305E-002,0.000000000000000
750,500,5000,0.1617889404296875,6.7001104354858398E-002,0.000000000000000
1000,500,5000,0.1840620040893555,8.7749004364013672E-002,0.000000000000000
1500,500,5000,0.2146868705749512,0.1314640045166016,0.000000000000000
2000,500,5000,0.2176980972290039,0.1503329277038574,0.000000000000000
3000,500,5000,0.2923879623413086,0.2204499244689941,0.000000000000000
5000,500,5000,0.4496970176696777,0.3984520435333252,0.000000000000000
100,750,5000,0.1171660423278809,1.4086961746215820E-002,0.000000000000000
250,750,5000,0.1298770904541016,3.1274080276489258E-002,0.000000000000000
500,750,5000,0.1585450172424316,6.5844058990478516E-002,0.000000000000000
750,750,5000,0.1528458595275879,9.4815969467163086E-002,0.000000000000000
1000,750,5000,0.1896998882293701,0.1283719539642334,0.000000000000000
1500,750,5000,0.2444081306457520,0.1930489540100098,0.000000000000000
2000,750,5000,0.2749090194702148,0.2167859077453613,0.000000000000000
3000,750,5000,0.3616838455200195,0.3485000133514404,0.000000000000000
5000,750,5000,0.6218800544738770,0.6146688461303711,0.000000000000000
100,1000,5000,0.1048820018768311,1.5799999237060547E-002,0.000000000000000
250,1000,5000,0.1124601364135742,3.5377025604248047E-002,0.000000000000000
500,1000,5000,0.1334340572357178,6.8336009979248047E-002,0.000000000000000
750,1000,5000,0.1657710075378418,0.1140320301055908,0.000000000000000
1000,1000,5000,0.2273211479187012,0.1414999961853027,0.000000000000000
1500,1000,5000,0.2774188518524170,0.2056748867034912,0.000000000000000
2000,1000,5000,0.3283488750457764,0.2660679817199707,0.000000000000000
3000,1000,5000,0.4703860282897949,0.3988728523254395,0.000000000000000
5000,1000,5000,0.6863090991973877,0.6549100875854492,0.000000000000000
100,1500,5000,0.1260440349578857,2.7228832244873047E-002,0.000000000000000
250,1500,5000,0.1162669658660889,5.4813146591186523E-002,0.000000000000000
500,1500,5000,0.1717009544372559,0.1186699867248535,0.000000000000000
750,1500,5000,0.2240159511566162,0.1658048629760742,0.000000000000000
1000,1500,5000,0.2790911197662354,0.2261009216308594,0.000000000000000
1500,1500,5000,0.3957159519195557,0.3118019104003906,0.000000000000000
2000,1500,5000,0.4862480163574219,0.4100821018218994,0.000000000000000
3000,1500,5000,0.7125160694122314,0.6116650104522705,0.000000000000000
5000,1500,5000,1.156812906265259,1.014961004257202,0.000000000000000
100,2000,5000,0.1432368755340576,3.6061048507690430E-002,0.000000000000000
250,2000,5000,0.1837329864501953,7.6093912124633789E-002,0.000000000000000
500,2000,5000,0.2063529491424561,0.1305189132690430,0.000000000000000
750,2000,5000,0.2774348258972168,0.1840169429779053,0.000000000000000
1000,2000,5000,0.3373610973358154,0.2490260601043701,0.000000000000000
1500,2000,5000,0.4865450859069824,0.3895969390869141,0.000000000000000
2000,2000,5000,0.5827779769897461,0.4809851646423340,0.000000000000000
3000,2000,5000,0.8739480972290039,0.7175779342651367,0.000000000000000
5000,2000,5000,1.473438024520874,1.190869092941284,0.000000000000000
100,3000,5000,0.1511490345001221,5.8635950088500977E-002,0.000000000000000
250,3000,5000,0.1519238948822021,0.1100759506225586,0.000000000000000
500,3000,5000,0.2435798645019531,0.2102339267730713,0.000000000000000
750,3000,5000,0.3614971637725830,0.3116888999938965,0.000000000000000
1000,3000,5000,0.5189800262451172,0.4225628376007080,0.000000000000000
1500,3000,5000,0.7099518775939941,0.6128659248352051,0.000000000000000
2000,3000,5000,0.9682390689849854,0.8130309581756592,0.000000000000000
3000,3000,5000,1.424134016036987,1.218725919723511,0.000000000000000
5000,3000,5000,2.378254175186157,2.061700105667114,0.000000000000000
100,5000,5000,0.1869251728057861,8.9462995529174805E-002,0.000000000000000
250,5000,5000,0.2448389530181885,0.1933131217956543,0.000000000000000
500,5000,5000,0.3834671974182129,0.3554210662841797,0.000000000000000
750,5000,5000,0.6066288948059082,0.5430569648742676,0.000000000000000
1000,5000,5000,0.8135299682617188,0.6960260868072510,0.000000000000000
1500,5000,5000,1.217599868774414,1.036364793777466,0.000000000000000
2000,5000,5000,1.582914113998413,1.372262954711914,0.000000000000000
3000,5000,5000,2.453496932983398,2.116599798202515,0.000000000000000
5000,5000,5000,4.071944952011108,3.492520809173584,0.000000000000000
