m,n,k,time_collapse,time_nocollapse,error_max
100,100,100,0.1667189598083496,9.1195106506347656E-004,0.000000000000000
250,100,100,0.1317288875579834,1.0511875152587891E-003,0.000000000000000
500,100,100,0.1372981071472168,1.3000965118408203E-003,0.000000000000000
750,100,100,0.1296520233154297,1.5439987182617188E-003,0.000000000000000
1000,100,100,0.1307840347290039,1.8241405487060547E-003,0.000000000000000
1500,100,100,0.1310338973999023,2.3550987243652344E-003,0.000000000000000
2000,100,100,0.1366209983825684,2.7379989624023438E-003,0.000000000000000
3000,100,100,0.1561429500579834,3.7958621978759766E-003,0.000000000000000
5000,100,100,0.1350739002227783,5.5401325225830078E-003,0.000000000000000
100,250,100,0.1268420219421387,1.9710063934326172E-003,0.000000000000000
250,250,100,0.1283140182495117,2.2180080413818359E-003,0.000000000000000
500,250,100,0.1287360191345215,2.5310516357421875E-003,0.000000000000000
750,250,100,0.1351468563079834,2.8860569000244141E-003,0.000000000000000
1000,250,100,0.1337509155273438,3.1900405883789063E-003,0.000000000000000
1500,250,100,0.1307289600372314,3.7341117858886719E-003,0.000000000000000
2000,250,100,0.1301579475402832,4.2328834533691406E-003,0.000000000000000
3000,250,100,0.1312429904937744,6.0679912567138672E-003,0.000000000000000
5000,250,100,0.1472821235656738,9.1609954833984375E-003,0.000000000000000
100,500,100,0.1284089088439941,3.8139820098876953E-003,0.000000000000000
250,500,100,0.1458280086517334,4.1420459747314453E-003,0.000000000000000
500,500,100,0.1338069438934326,4.5771598815917969E-003,0.000000000000000
750,500,100,0.1346299648284912,5.0599575042724609E-003,0.000000000000000
1000,500,100,0.1427190303802490,5.3029060363769531E-003,0.000000000000000
1500,500,100,0.1315739154815674,7.5919628143310547E-003,0.000000000000000
2000,500,100,0.1313529014587402,8.9328289031982422E-003,0.000000000000000
3000,500,100,0.1320061683654785,1.0771036148071289E-002,0.000000000000000
5000,500,100,0.1408228874206543,1.3921022415161133E-002,0.000000000000000
100,750,100,0.1323578357696533,5.5999755859375000E-003,0.000000000000000
250,750,100,0.1271979808807373,6.1199665069580078E-003,0.000000000000000
500,750,100,0.1333911418914795,6.5760612487792969E-003,0.000000000000000
750,750,100,0.1290159225463867,7.1260929107666016E-003,0.000000000000000
1000,750,100,0.1318109035491943,9.9229812622070313E-003,0.000000000000000
1500,750,100,0.1365180015563965,1.1816978454589844E-002,0.000000000000000
2000,750,100,0.1341810226440430,1.2897968292236328E-002,0.000000000000000
3000,750,100,0.1439938545227051,1.4662981033325195E-002,0.000000000000000
5000,750,100,0.1422839164733887,1.9740819931030273E-002,0.000000000000000
100,1000,100,0.1419229507446289,7.4119567871093750E-003,0.000000000000000
250,1000,100,0.1305899620056152,7.9638957977294922E-003,0.000000000000000
500,1000,100,0.1294090747833252,9.4490051269531250E-003,0.000000000000000
750,1000,100,0.1319100856781006,1.2487888336181641E-002,0.000000000000000
1000,1000,100,0.1293518543243408,1.3939142227172852E-002,0.000000000000000
1500,1000,100,0.1411991119384766,1.5392065048217773E-002,0.000000000000000
2000,1000,100,0.1361930370330811,1.7043113708496094E-002,0.000000000000000
3000,1000,100,0.1480569839477539,1.8757104873657227E-002,0.000000000000000
5000,1000,100,0.1444869041442871,2.3513078689575195E-002,0.000000000000000
100,1500,100,0.1435420513153076,1.0983943939208984E-002,0.000000000000000
250,1500,100,0.1334788799285889,1.1858940124511719E-002,0.000000000000000
500,1500,100,0.1364820003509521,1.8309116363525391E-002,0.000000000000000
750,1500,100,0.1331839561462402,1.9954919815063477E-002,0.000000000000000
1000,1500,100,0.1369879245758057,2.0650863647460938E-002,0.000000000000000
1500,1500,100,0.1341011524200439,2.2778987884521484E-002,0.000000000000000
2000,1500,100,0.1365809440612793,2.3994922637939453E-002,0.000000000000000
3000,1500,100,0.1383221149444580,2.7063131332397461E-002,0.000000000000000
5000,1500,100,0.1495931148529053,3.4419059753417969E-002,0.000000000000000
100,2000,100,0.1297950744628906,1.4658927917480469E-002,0.000000000000000
250,2000,100,0.1300139427185059,1.6460895538330078E-002,0.000000000000000
500,2000,100,0.1377260684967041,2.4899005889892578E-002,0.000000000000000
750,2000,100,0.1343138217926025,2.6660919189453125E-002,0.000000000000000
1000,2000,100,0.1427648067474365,2.7452945709228516E-002,0.000000000000000
1500,2000,100,0.1407990455627441,3.0245065689086914E-002,0.000000000000000
2000,2000,100,0.1557109355926514,3.2003879547119141E-002,0.000000000000000
3000,2000,100,0.1480748653411865,3.6084890365600586E-002,0.000000000000000
5000,2000,100,0.1557810306549072,4.2169094085693359E-002,0.000000000000000
100,3000,100,0.1349329948425293,2.4903059005737305E-002,0.000000000000000
250,3000,100,0.1326088905334473,3.4853935241699219E-002,0.000000000000000
500,3000,100,0.1387720108032227,3.7927150726318359E-002,0.000000000000000
750,3000,100,0.1327280998229980,3.9469003677368164E-002,0.000000000000000
1000,3000,100,0.1370320320129395,4.0673017501831055E-002,0.000000000000000
1500,3000,100,0.1394131183624268,4.3885946273803711E-002,0.000000000000000
2000,3000,100,0.1434469223022461,4.5412063598632813E-002,0.000000000000000
3000,3000,100,0.1562509536743164,5.2024841308593750E-002,0.000000000000000
5000,3000,100,0.1723530292510986,6.3611984252929688E-002,0.000000000000000
100,5000,100,0.1381399631500244,5.6427955627441406E-002,0.000000000000000
250,5000,100,0.1373851299285889,5.9817075729370117E-002,0.000000000000000
500,5000,100,0.1464750766754150,6.2658071517944336E-002,0.000000000000000
750,5000,100,0.1423249244689941,6.5617799758911133E-002,0.000000000000000
1000,5000,100,0.1450471878051758,6.7544937133789063E-002,0.000000000000000
1500,5000,100,0.1503238677978516,7.2177886962890625E-002,0.000000000000000
2000,5000,100,0.1542029380798340,7.4227094650268555E-002,0.000000000000000
3000,5000,100,0.1636660099029541,8.2900047302246094E-002,0.000000000000000
5000,5000,100,0.1812071800231934,9.4328880310058594E-002,0.000000000000000
100,100,250,0.1257247924804688,1.8880367279052734E-003,0.000000000000000
250,100,250,0.1237649917602539,2.2921562194824219E-003,0.000000000000000
500,100,250,0.1258490085601807,3.0050277709960938E-003,0.000000000000000
750,100,250,0.1303200721740723,3.4167766571044922E-003,0.000000000000000
1000,100,250,0.1302630901336670,3.9398670196533203E-003,0.000000000000000
1500,100,250,0.1234769821166992,5.0899982452392578E-003,0.000000000000000
2000,100,250,0.1276559829711914,6.0670375823974609E-003,0.000000000000000
3000,100,250,0.1358718872070313,8.6970329284667969E-003,0.000000000000000
5000,100,250,0.1601688861846924,1.2775897979736328E-002,0.000000000000000
100,250,250,0.1267869472503662,4.8170089721679688E-003,0.000000000000000
250,250,250,0.1256279945373535,5.3250789642333984E-003,0.000000000000000
500,250,250,0.1127331256866455,5.4471492767333984E-003,0.000000000000000
750,250,250,0.1190290451049805,6.5798759460449219E-003,0.000000000000000
1000,250,250,0.1399338245391846,7.1310997009277344E-003,0.000000000000000
1500,250,250,0.1311578750610352,8.3580017089843750E-003,0.000000000000000
2000,250,250,0.1081070899963379,7.7052116394042969E-003,0.000000000000000
3000,250,250,0.1304209232330322,1.1173009872436523E-002,0.000000000000000
5000,250,250,0.1493680477142334,2.1656036376953125E-002,0.000000000000000
100,500,250,0.1371331214904785,9.2132091522216797E-003,0.000000000000000
250,500,250,0.1327791213989258,9.9899768829345703E-003,0.000000000000000
500,500,250,0.1320669651031494,1.1010169982910156E-002,0.000000000000000
750,500,250,0.1346750259399414,1.1764049530029297E-002,0.000000000000000
1000,500,250,0.1359400749206543,1.2691974639892578E-002,0.000000000000000
1500,500,250,0.1526389122009277,1.8069982528686523E-002,0.000000000000000
2000,500,250,0.1412100791931152,2.0379066467285156E-002,0.000000000000000
3000,500,250,0.1505479812622070,2.3360967636108398E-002,0.000000000000000
5000,500,250,0.1513471603393555,3.1009197235107422E-002,0.000000000000000
100,750,250,0.1404540538787842,1.3630867004394531E-002,0.000000000000000
250,750,250,0.1323778629302979,1.4730930328369141E-002,0.000000000000000
500,750,250,0.1359920501708984,1.9249916076660156E-002,0.000000000000000
750,750,250,0.1365590095520020,2.0041942596435547E-002,0.000000000000000
1000,750,250,0.1351730823516846,2.2078990936279297E-002,0.000000000000000
1500,750,250,0.1370010375976563,2.7173995971679688E-002,0.000000000000000
2000,750,250,0.1442668437957764,2.9458045959472656E-002,0.000000000000000
3000,750,250,0.1396350860595703,3.1491994857788086E-002,0.000000000000000
5000,750,250,0.1490240097045898,3.8232088088989258E-002,0.000000000000000
100,1000,250,0.1297841072082520,1.8038988113403320E-002,0.000000000000000
250,1000,250,0.1322891712188721,2.0889997482299805E-002,0.000000000000000
500,1000,250,0.1461839675903320,2.7125835418701172E-002,0.000000000000000
750,1000,250,0.1302158832550049,3.0077934265136719E-002,0.000000000000000
1000,1000,250,0.1415660381317139,3.3116102218627930E-002,0.000000000000000
1500,1000,250,0.1363019943237305,3.5329818725585938E-002,0.000000000000000
2000,1000,250,0.1545269489288330,3.7052869796752930E-002,0.000000000000000
3000,1000,250,0.1447248458862305,4.0803909301757813E-002,0.000000000000000
5000,1000,250,0.1650788784027100,4.8030138015747070E-002,0.000000000000000
100,1500,250,0.1274769306182861,3.0019044876098633E-002,0.000000000000000
250,1500,250,0.1416599750518799,3.7487030029296875E-002,0.000000000000000
500,1500,250,0.1324939727783203,4.3942928314208984E-002,0.000000000000000
750,1500,250,0.1429450511932373,4.7188997268676758E-002,0.000000000000000
1000,1500,250,0.1383049488067627,4.7975063323974609E-002,0.000000000000000
1500,1500,250,0.1470019817352295,5.0849914550781250E-002,0.000000000000000
2000,1500,250,0.1437389850616455,5.2062988281250000E-002,0.000000000000000
3000,1500,250,0.1490230560302734,5.7366847991943359E-002,0.000000000000000
5000,1500,250,0.1666071414947510,6.7111968994140625E-002,0.000000000000000
100,2000,250,0.1308588981628418,4.2772054672241211E-002,0.000000000000000
250,2000,250,0.1362309455871582,5.6800842285156250E-002,0.000000000000000
500,2000,250,0.1376969814300537,6.0874938964843750E-002,0.000000000000000
750,2000,250,0.1527190208435059,6.2899827957153320E-002,0.000000000000000
1000,2000,250,0.1396479606628418,6.3419103622436523E-002,0.000000000000000
1500,2000,250,0.1475160121917725,6.7372083663940430E-002,0.000000000000000
2000,2000,250,0.1501748561859131,6.8473100662231445E-002,0.000000000000000
3000,2000,250,0.1645450592041016,7.5299024581909180E-002,0.000000000000000
5000,2000,250,0.1760778427124023,8.5144996643066406E-002,0.000000000000000
100,3000,250,0.1325888633728027,8.3386898040771484E-002,0.000000000000000
250,3000,250,0.1322138309478760,8.0443143844604492E-002,0.000000000000000
500,3000,250,0.1464841365814209,8.4563970565795898E-002,0.000000000000000
750,3000,250,0.1366829872131348,8.7430000305175781E-002,0.000000000000000
1000,3000,250,0.1384899616241455,8.8785886764526367E-002,0.000000000000000
1500,3000,250,0.1402640342712402,9.2392921447753906E-002,0.000000000000000
2000,3000,250,0.1449711322784424,9.4396114349365234E-002,0.000000000000000
3000,3000,250,0.1568830013275146,0.1030349731445313,0.000000000000000
5000,3000,250,0.1891169548034668,0.1175270080566406,0.000000000000000
100,5000,250,0.1258010864257813,0.1286668777465820,0.000000000000000
250,5000,250,0.1314799785614014,0.1358039379119873,0.000000000000000
500,5000,250,0.1337010860443115,0.1404728889465332,0.000000000000000
750,5000,250,0.1385369300842285,0.1435890197753906,0.000000000000000
1000,5000,250,0.1472809314727783,0.1453359127044678,0.000000000000000
1500,5000,250,0.1507680416107178,0.1521289348602295,0.000000000000000
2000,5000,250,0.1572799682617188,0.1536309719085693,0.000000000000000
3000,5000,250,0.1760990619659424,0.1722187995910645,0.000000000000000
5000,5000,250,0.2148270606994629,0.1890339851379395,0.000000000000000
100,100,500,0.1265561580657959,3.7848949432373047E-003,0.000000000000000
250,100,500,0.1260068416595459,4.8019886016845703E-003,0.000000000000000
500,100,500,0.1378529071807861,5.9170722961425781E-003,0.000000000000000
750,100,500,0.1296050548553467,6.3490867614746094E-003,0.000000000000000
1000,100,500,0.1250309944152832,7.4758529663085938E-003,0.000000000000000
1500,100,500,0.1324548721313477,9.5829963684082031E-003,0.000000000000000
2000,100,500,0.1360590457916260,1.2111186981201172E-002,0.000000000000000
3000,100,500,0.1490299701690674,1.5949010848999023E-002,0.000000000000000
5000,100,500,0.1544170379638672,2.4473190307617188E-002,0.000000000000000
100,250,500,0.1355412006378174,9.4988346099853516E-003,0.000000000000000
250,250,500,0.1296360492706299,1.0424137115478516E-002,0.000000000000000
500,250,500,0.1290078163146973,1.1721134185791016E-002,0.000000000000000
750,250,500,0.1316378116607666,1.2881994247436523E-002,0.000000000000000
1000,250,500,0.1323559284210205,1.4003992080688477E-002,0.000000000000000
1500,250,500,0.1483340263366699,1.7646074295043945E-002,0.000000000000000
2000,250,500,0.1375429630279541,2.0780086517333984E-002,0.000000000000000
3000,250,500,0.1521370410919189,2.5676965713500977E-002,0.000000000000000
5000,250,500,0.1515769958496094,3.6879777908325195E-002,0.000000000000000
100,500,500,0.1388349533081055,1.8326044082641602E-002,0.000000000000000
250,500,500,0.1304550170898438,2.0365953445434570E-002,0.000000000000000
500,500,500,0.1304211616516113,2.1007061004638672E-002,0.000000000000000
750,500,500,0.1438860893249512,2.5668144226074219E-002,0.000000000000000
1000,500,500,0.1409180164337158,3.1465053558349609E-002,0.000000000000000
1500,500,500,0.1379151344299316,3.3766031265258789E-002,0.000000000000000
2000,500,500,0.1389179229736328,3.8386106491088867E-002,0.000000000000000
3000,500,500,0.1467661857604980,4.3683052062988281E-002,0.000000000000000
5000,500,500,0.1580469608306885,5.3748130798339844E-002,0.000000000000000
100,750,500,0.1292421817779541,2.7763843536376953E-002,0.000000000000000
250,750,500,0.1369118690490723,3.5302877426147461E-002,0.000000000000000
500,750,500,0.1353969573974609,3.8822889328002930E-002,0.000000000000000
750,750,500,0.1352460384368896,4.1669130325317383E-002,0.000000000000000
1000,750,500,0.1344320774078369,4.2913913726806641E-002,0.000000000000000
1500,750,500,0.1428501605987549,5.1843881607055664E-002,0.000000000000000
2000,750,500,0.1445350646972656,5.4291963577270508E-002,0.000000000000000
3000,750,500,0.1524100303649902,6.0683965682983398E-002,0.000000000000000
5000,750,500,0.1663599014282227,7.1337938308715820E-002,0.000000000000000
100,1000,500,0.1464040279388428,4.4353008270263672E-002,0.000000000000000
250,1000,500,0.1354660987854004,5.1959991455078125E-002,0.000000000000000
500,1000,500,0.1462540626525879,5.8171987533569336E-002,0.000000000000000
750,1000,500,0.1394279003143311,5.9419870376586914E-002,0.000000000000000
1000,1000,500,0.1573398113250732,6.4200878143310547E-002,0.000000000000000
1500,1000,500,0.1451551914215088,6.7878007888793945E-002,0.000000000000000
2000,1000,500,0.1483209133148193,7.0176124572753906E-002,0.000000000000000
3000,1000,500,0.1600201129913330,7.7190876007080078E-002,0.000000000000000
5000,1000,500,0.1732928752899170,8.9174032211303711E-002,0.000000000000000
100,1500,500,0.1307818889617920,7.7771186828613281E-002,0.000000000000000
250,1500,500,0.1262810230255127,7.9022884368896484E-002,0.000000000000000
500,1500,500,0.1321530342102051,8.0077886581420898E-002,0.000000000000000
750,1500,500,0.1300930976867676,8.6954116821289063E-002,0.000000000000000
1000,1500,500,0.1357250213623047,8.7517023086547852E-002,0.000000000000000
1500,1500,500,0.1475770473480225,9.2335939407348633E-002,0.000000000000000
2000,1500,500,0.1463310718536377,9.4215869903564453E-002,0.000000000000000
3000,1500,500,0.1586298942565918,0.1024439334869385,0.000000000000000
5000,1500,500,0.1931860446929932,0.1214799880981445,0.000000000000000
100,2000,500,0.1277170181274414,0.1031789779663086,0.000000000000000
250,2000,500,0.1322438716888428,0.1045210361480713,0.000000000000000
500,2000,500,0.1468482017517090,0.1128039360046387,0.000000000000000
750,2000,500,0.1399669647216797,0.1143810749053955,0.000000000000000
1000,2000,500,0.1504960060119629,0.1156680583953857,0.000000000000000
1500,2000,500,0.1628279685974121,0.1225869655609131,0.000000000000000
2000,2000,500,0.1595439910888672,0.1240029335021973,0.000000000000000
3000,2000,500,0.1713018417358398,0.1334891319274902,0.000000000000000
5000,2000,500,0.2093429565429688,0.1500620841979980,0.000000000000000
100,3000,500,0.1271789073944092,0.1539809703826904,0.000000000000000
250,3000,500,0.1396429538726807,0.1561999320983887,0.000000000000000
500,3000,500,0.1352818012237549,0.1675050258636475,0.000000000000000
750,3000,500,0.1417171955108643,0.1705191135406494,0.000000000000000
1000,3000,500,0.1454730033874512,0.1720819473266602,0.000000000000000
1500,3000,500,0.1649940013885498,0.1790950298309326,0.000000000000000
2000,3000,500,0.1726138591766357,0.1784629821777344,0.000000000000000
3000,3000,500,0.1815898418426514,0.1943008899688721,0.000000000000000
5000,3000,500,0.2291669845581055,0.2181270122528076,0.000000000000000
100,5000,500,0.1373949050903320,0.2550997734069824,0.000000000000000
250,5000,500,0.1416490077972412,0.2706680297851563,0.000000000000000
500,5000,500,0.1240508556365967,0.2736120223999023,0.000000000000000
750,5000,500,0.1361210346221924,0.2759039402008057,0.000000000000000
1000,5000,500,0.1491551399230957,0.2792780399322510,0.000000000000000
1500,5000,500,0.1859920024871826,0.2926769256591797,0.000000000000000
2000,5000,500,0.2055940628051758,0.2879810333251953,0.000000000000000
3000,5000,500,0.2588438987731934,0.3116970062255859,0.000000000000000
5000,5000,500,0.3064122200012207,0.3314249515533447,0.000000000000000
100,100,750,0.1244540214538574,5.4738521575927734E-003,0.000000000000000
250,100,750,0.1289331912994385,6.5290927886962891E-003,0.000000000000000
500,100,750,0.1351828575134277,8.0370903015136719E-003,0.000000000000000
750,100,750,0.1333279609680176,9.8280906677246094E-003,0.000000000000000
1000,100,750,0.1300880908966064,1.0176181793212891E-002,0.000000000000000
1500,100,750,0.1329300403594971,1.5501022338867188E-002,0.000000000000000
2000,100,750,0.1379308700561523,1.9175052642822266E-002,0.000000000000000
3000,100,750,0.1507401466369629,2.1084070205688477E-002,0.000000000000000
5000,100,750,0.1371328830718994,2.9825925827026367E-002,0.000000000000000
100,250,750,0.1306350231170654,1.4091014862060547E-002,0.000000000000000
250,250,750,0.1184759140014648,1.4819145202636719E-002,0.000000000000000
500,250,750,0.1243410110473633,1.7931938171386719E-002,0.000000000000000
750,250,750,0.1278500556945801,1.9746065139770508E-002,0.000000000000000
1000,250,750,0.1396081447601318,2.2776126861572266E-002,0.000000000000000
1500,250,750,0.1497869491577148,2.7075052261352539E-002,0.000000000000000
2000,250,750,0.1320600509643555,2.7772903442382813E-002,0.000000000000000
3000,250,750,0.1617100238800049,3.7775039672851563E-002,0.000000000000000
5000,250,750,0.1664798259735107,5.4203987121582031E-002,0.000000000000000
100,500,750,0.1376090049743652,2.9165029525756836E-002,0.000000000000000
250,500,750,0.1232020854949951,3.2738924026489258E-002,0.000000000000000
500,500,750,0.1364550590515137,3.7738800048828125E-002,0.000000000000000
750,500,750,0.1167659759521484,4.2308092117309570E-002,0.000000000000000
1000,500,750,0.1198000907897949,4.5671939849853516E-002,0.000000000000000
1500,500,750,0.1391959190368652,5.0268888473510742E-002,0.000000000000000
2000,500,750,0.1490221023559570,5.7281970977783203E-002,0.000000000000000
3000,500,750,0.1544330120086670,6.4664840698242188E-002,0.000000000000000
5000,500,750,0.1855080127716064,8.0888032913208008E-002,0.000000000000000
100,750,750,0.1352701187133789,4.5454978942871094E-002,0.000000000000000
250,750,750,0.1238389015197754,5.4253101348876953E-002,0.000000000000000
500,750,750,0.1281189918518066,6.1526060104370117E-002,0.000000000000000
750,750,750,0.1400370597839355,6.2631130218505859E-002,0.000000000000000
1000,750,750,0.1406850814819336,6.4326047897338867E-002,0.000000000000000
1500,750,750,0.1454379558563232,7.4085950851440430E-002,0.000000000000000
2000,750,750,0.1372020244598389,7.6066970825195313E-002,0.000000000000000
3000,750,750,0.1545038223266602,8.5278034210205078E-002,0.000000000000000
5000,750,750,0.1871278285980225,0.1013751029968262,0.000000000000000
100,1000,750,0.1286699771881104,7.8072071075439453E-002,0.000000000000000
250,1000,750,0.1301300525665283,8.1550121307373047E-002,0.000000000000000
500,1000,750,0.1218140125274658,7.8966856002807617E-002,0.000000000000000
750,1000,750,0.1320419311523438,8.0620050430297852E-002,0.000000000000000
1000,1000,750,0.1477668285369873,8.8538885116577148E-002,0.000000000000000
1500,1000,750,0.1408240795135498,9.3528032302856445E-002,0.000000000000000
2000,1000,750,0.1478071212768555,9.6283912658691406E-002,0.000000000000000
3000,1000,750,0.1573979854583740,0.1065101623535156,0.000000000000000
5000,1000,750,0.1910469532012939,0.1241080760955811,0.000000000000000
100,1500,750,0.1287980079650879,0.1151280403137207,0.000000000000000
250,1500,750,0.1387419700622559,0.1167781352996826,0.000000000000000
500,1500,750,0.1336460113525391,0.1185710430145264,0.000000000000000
750,1500,750,0.1340260505676270,0.1279468536376953,0.000000000000000
1000,1500,750,0.1472988128662109,0.1292860507965088,0.000000000000000
1500,1500,750,0.1452310085296631,0.1372790336608887,0.000000000000000
2000,1500,750,0.1509780883789063,0.1405980587005615,0.000000000000000
3000,1500,750,0.1742470264434814,0.1481220722198486,0.000000000000000
5000,1500,750,0.2102751731872559,0.1728730201721191,0.000000000000000
100,2000,750,0.1377820968627930,0.1526880264282227,0.000000000000000
250,2000,750,0.1335000991821289,0.1554460525512695,0.000000000000000
500,2000,750,0.1354401111602783,0.1664631366729736,0.000000000000000
750,2000,750,0.1519880294799805,0.1697199344635010,0.000000000000000
1000,2000,750,0.1451530456542969,0.1711509227752686,0.000000000000000
1500,2000,750,0.1563818454742432,0.1804890632629395,0.000000000000000
2000,2000,750,0.1587619781494141,0.1786391735076904,0.000000000000000
3000,2000,750,0.1896491050720215,0.1914908885955811,0.000000000000000
5000,2000,750,0.2403340339660645,0.2161190509796143,0.000000000000000
100,3000,750,0.1337788105010986,0.2293560504913330,0.000000000000000
250,3000,750,0.1353240013122559,0.2319438457489014,0.000000000000000
500,3000,750,0.1370379924774170,0.2489991188049316,0.000000000000000
750,3000,750,0.1602640151977539,0.2543559074401855,0.000000000000000
1000,3000,750,0.1571199893951416,0.2532339096069336,0.000000000000000
1500,3000,750,0.1819989681243896,0.2596461772918701,0.000000000000000
2000,3000,750,0.2071101665496826,0.2688179016113281,0.000000000000000
3000,3000,750,0.1868250370025635,0.2664079666137695,0.000000000000000
5000,3000,750,0.2456040382385254,0.2870340347290039,0.000000000000000
100,5000,750,0.1141560077667236,0.3796260356903076,0.000000000000000
250,5000,750,0.1088049411773682,0.4030489921569824,0.000000000000000
500,5000,750,0.1548528671264648,0.4138150215148926,0.000000000000000
750,5000,750,0.1601741313934326,0.4166340827941895,0.000000000000000
1000,5000,750,0.1633989810943604,0.4144079685211182,0.000000000000000
1500,5000,750,0.2272970676422119,0.4363400936126709,0.000000000000000
2000,5000,750,0.2929091453552246,0.4370419979095459,0.000000000000000
3000,5000,750,0.3464219570159912,0.4426629543304443,0.000000000000000
5000,5000,750,0.4673459529876709,0.4635829925537109,0.000000000000000
100,100,1000,0.1067810058593750,6.9799423217773438E-003,0.000000000000000
250,100,1000,0.1167299747467041,7.9529285430908203E-003,0.000000000000000
500,100,1000,0.1106250286102295,9.3419551849365234E-003,0.000000000000000
750,100,1000,0.1056251525878906,1.0152101516723633E-002,0.000000000000000
1000,100,1000,0.1126120090484619,1.3474941253662109E-002,0.000000000000000
1500,100,1000,0.1042449474334717,1.5280008316040039E-002,0.000000000000000
2000,100,1000,0.1185779571533203,2.0258903503417969E-002,0.000000000000000
3000,100,1000,0.1243450641632080,2.6108026504516602E-002,0.000000000000000
5000,100,1000,0.1407999992370605,3.6984920501708984E-002,0.000000000000000
100,250,1000,0.1122670173645020,1.8306970596313477E-002,0.000000000000000
250,250,1000,0.1121349334716797,2.0601034164428711E-002,0.000000000000000
500,250,1000,0.1243810653686523,2.2524118423461914E-002,0.000000000000000
750,250,1000,0.1150639057159424,2.5824069976806641E-002,0.000000000000000
1000,250,1000,0.1175818443298340,2.8928041458129883E-002,0.000000000000000
1500,250,1000,0.1211771965026855,3.2638072967529297E-002,0.000000000000000
2000,250,1000,0.1232249736785889,3.5897970199584961E-002,0.000000000000000
3000,250,1000,0.1321392059326172,4.1530847549438477E-002,0.000000000000000
5000,250,1000,0.1440129280090332,5.8053970336914063E-002,0.000000000000000
100,500,1000,0.1102690696716309,4.2994022369384766E-002,0.000000000000000
250,500,1000,0.1128938198089600,4.3445110321044922E-002,0.000000000000000
500,500,1000,0.1190929412841797,5.5087089538574219E-002,0.000000000000000
750,500,1000,0.1194241046905518,5.8932065963745117E-002,0.000000000000000
1000,500,1000,0.1298179626464844,6.0352087020874023E-002,0.000000000000000
1500,500,1000,0.1123549938201904,5.9705972671508789E-002,0.000000000000000
2000,500,1000,0.1366298198699951,7.0677995681762695E-002,0.000000000000000
3000,500,1000,0.1424720287322998,7.9716920852661133E-002,0.000000000000000
5000,500,1000,0.1663041114807129,9.7217082977294922E-002,0.000000000000000
100,750,1000,0.1186490058898926,7.3264122009277344E-002,0.000000000000000
250,750,1000,0.1215281486511230,7.5727939605712891E-002,0.000000000000000
500,750,1000,0.1158490180969238,7.7337026596069336E-002,0.000000000000000
750,750,1000,0.1339080333709717,7.8583955764770508E-002,0.000000000000000
1000,750,1000,0.1473598480224609,7.9732179641723633E-002,0.000000000000000
1500,750,1000,0.1448819637298584,9.5407962799072266E-002,0.000000000000000
2000,750,1000,0.1470289230346680,9.9478960037231445E-002,0.000000000000000
3000,750,1000,0.1640131473541260,0.1099720001220703,0.000000000000000
5000,750,1000,0.1926081180572510,0.1326849460601807,0.000000000000000
100,1000,1000,0.1234951019287109,0.1034150123596191,0.000000000000000
250,1000,1000,0.1410908699035645,0.1048989295959473,0.000000000000000
500,1000,1000,0.1358878612518311,0.1076838970184326,0.000000000000000
750,1000,1000,0.1432580947875977,0.1078908443450928,0.000000000000000
1000,1000,1000,0.1475090980529785,0.1190350055694580,0.000000000000000
1500,1000,1000,0.1525330543518066,0.1249170303344727,0.000000000000000
2000,1000,1000,0.1554841995239258,0.1294820308685303,0.000000000000000
3000,1000,1000,0.1788020133972168,0.1425468921661377,0.000000000000000
5000,1000,1000,0.1911249160766602,0.1531660556793213,0.000000000000000
100,1500,1000,0.1306340694427490,0.1547977924346924,0.000000000000000
250,1500,1000,0.1342678070068359,0.1558060646057129,0.000000000000000
500,1500,1000,0.1468439102172852,0.1584119796752930,0.000000000000000
750,1500,1000,0.1400709152221680,0.1710889339447021,0.000000000000000
1000,1500,1000,0.1169538497924805,0.1677329540252686,0.000000000000000
1500,1500,1000,0.1422491073608398,0.1824119091033936,0.000000000000000
2000,1500,1000,0.1869251728057861,0.1866240501403809,0.000000000000000
3000,1500,1000,0.1937007904052734,0.2006371021270752,0.000000000000000
5000,1500,1000,0.2222769260406494,0.2295730113983154,0.000000000000000
100,2000,1000,0.1168808937072754,0.2035319805145264,0.000000000000000
250,2000,1000,0.1015319824218750,0.2043991088867188,0.000000000000000
500,2000,1000,0.1287498474121094,0.2211070060729980,0.000000000000000
750,2000,1000,0.1493608951568604,0.2276699542999268,0.000000000000000
1000,2000,1000,0.1587200164794922,0.2289550304412842,0.000000000000000
1500,2000,1000,0.1757340431213379,0.2390260696411133,0.000000000000000
2000,2000,1000,0.1749489307403564,0.2412559986114502,0.000000000000000
3000,2000,1000,0.2170801162719727,0.2602388858795166,0.000000000000000
5000,2000,1000,0.2879610061645508,0.2864418029785156,0.000000000000000
100,3000,1000,0.1357409954071045,0.3088881969451904,0.000000000000000
250,3000,1000,0.1433050632476807,0.3119769096374512,0.000000000000000
500,3000,1000,0.1553480625152588,0.3352088928222656,0.000000000000000
750,3000,1000,0.1718618869781494,0.3400838375091553,0.000000000000000
1000,3000,1000,0.1829931735992432,0.3399951457977295,0.000000000000000
1500,3000,1000,0.2119998931884766,0.3520858287811279,0.000000000000000
2000,3000,1000,0.2399790287017822,0.3539998531341553,0.000000000000000
3000,3000,1000,0.3106689453125000,0.3756680488586426,0.000000000000000
5000,3000,1000,0.4060399532318115,0.3796908855438232,0.000000000000000
100,5000,1000,0.1222059726715088,0.5122251510620117,0.000000000000000
250,5000,1000,0.1277520656585693,0.5401611328125000,0.000000000000000
500,5000,1000,0.1476321220397949,0.5489912033081055,0.000000000000000
750,5000,1000,0.1753890514373779,0.5543830394744873,0.000000000000000
1000,5000,1000,0.2077720165252686,0.5522148609161377,0.000000000000000
1500,5000,1000,0.2606709003448486,0.5631730556488037,0.000000000000000
2000,5000,1000,0.3144299983978271,0.5599720478057861,0.000000000000000
3000,5000,1000,0.4291532039642334,0.5819060802459717,0.000000000000000
5000,5000,1000,0.7349469661712646,0.6522941589355469,0.000000000000000
100,100,1500,0.1066100597381592,1.0390996932983398E-002,0.000000000000000
250,100,1500,0.1158471107482910,1.2834072113037109E-002,0.000000000000000
500,100,1500,0.1110758781433105,1.4310121536254883E-002,0.000000000000000
750,100,1500,0.1160738468170166,1.9608974456787109E-002,0.000000000000000
1000,100,1500,0.1114909648895264,1.9670963287353516E-002,0.000000000000000
1500,100,1500,0.1249709129333496,3.0375957489013672E-002,0.000000000000000
2000,100,1500,0.1474890708923340,3.8121223449707031E-002,0.000000000000000
3000,100,1500,0.1615228652954102,5.2242994308471680E-002,0.000000000000000
5000,100,1500,0.1959338188171387,7.7992916107177734E-002,0.000000000000000
100,250,1500,0.1287131309509277,3.6977052688598633E-002,0.000000000000000
250,250,1500,0.1314408779144287,3.1193017959594727E-002,0.000000000000000
500,250,1500,0.1381800174713135,4.1079998016357422E-002,0.000000000000000
750,250,1500,0.1397199630737305,4.5867919921875000E-002,0.000000000000000
1000,250,1500,0.1440420150756836,4.9134969711303711E-002,0.000000000000000
1500,250,1500,0.1513540744781494,5.6774139404296875E-002,0.000000000000000
2000,250,1500,0.1590261459350586,6.3126802444458008E-002,0.000000000000000
3000,250,1500,0.1734259128570557,7.4242830276489258E-002,0.000000000000000
5000,250,1500,0.1983428001403809,0.1087610721588135,0.000000000000000
100,500,1500,0.1365740299224854,7.9871892929077148E-002,0.000000000000000
250,500,1500,0.1332969665527344,8.2248926162719727E-002,0.000000000000000
500,500,1500,0.1439909934997559,8.3407878875732422E-002,0.000000000000000
750,500,1500,0.1398909091949463,8.8445901870727539E-002,0.000000000000000
1000,500,1500,0.1428098678588867,8.9287042617797852E-002,0.000000000000000
1500,500,1500,0.1504240036010742,9.3775987625122070E-002,0.000000000000000
2000,500,1500,0.1587259769439697,0.1068360805511475,0.000000000000000
3000,500,1500,0.1812388896942139,0.1208970546722412,0.000000000000000
5000,500,1500,0.2098309993743896,0.1493260860443115,0.000000000000000
100,750,1500,0.1301269531250000,0.1086001396179199,0.000000000000000
250,750,1500,0.1301147937774658,0.1106820106506348,0.000000000000000
500,750,1500,0.1461780071258545,0.1140310764312744,0.000000000000000
750,750,1500,0.1431870460510254,0.1156668663024902,0.000000000000000
1000,750,1500,0.1454308032989502,0.1190040111541748,0.000000000000000
1500,750,1500,0.1730959415435791,0.1396269798278809,0.000000000000000
2000,750,1500,0.1556868553161621,0.1507759094238281,0.000000000000000
3000,750,1500,0.1447110176086426,0.1490681171417236,0.000000000000000
5000,750,1500,0.2087900638580322,0.1864700317382813,0.000000000000000
100,1000,1500,0.1289958953857422,0.1557300090789795,0.000000000000000
250,1000,1500,0.1339077949523926,0.1564779281616211,0.000000000000000
500,1000,1500,0.1301889419555664,0.1604609489440918,0.000000000000000
750,1000,1500,0.1463019847869873,0.1623528003692627,0.000000000000000
1000,1000,1500,0.1496520042419434,0.1773118972778320,0.000000000000000
1500,1000,1500,0.1758890151977539,0.1875851154327393,0.000000000000000
2000,1000,1500,0.1761839389801025,0.1934881210327148,0.000000000000000
3000,1000,1500,0.1961159706115723,0.2093329429626465,0.000000000000000
5000,1000,1500,0.2483689785003662,0.2401051521301270,0.000000000000000
100,1500,1500,0.1238081455230713,0.2310059070587158,0.000000000000000
250,1500,1500,0.1361961364746094,0.2347559928894043,0.000000000000000
500,1500,1500,0.1498270034790039,0.2379820346832275,0.000000000000000
750,1500,1500,0.1547930240631104,0.2543671131134033,0.000000000000000
1000,1500,1500,0.1572711467742920,0.2598171234130859,0.000000000000000
1500,1500,1500,0.1822688579559326,0.2731919288635254,0.000000000000000
2000,1500,1500,0.2019879817962646,0.2762310504913330,0.000000000000000
3000,1500,1500,0.2399179935455322,0.2983479499816895,0.000000000000000
5000,1500,1500,0.3160688877105713,0.3356239795684814,0.000000000000000
100,2000,1500,0.1073210239410400,0.3064959049224854,0.000000000000000
250,2000,1500,0.1262669563293457,0.3107631206512451,0.000000000000000
500,2000,1500,0.1506390571594238,0.3343508243560791,0.000000000000000
750,2000,1500,0.1673879623413086,0.3425080776214600,0.000000000000000
1000,2000,1500,0.1769721508026123,0.3374328613281250,0.000000000000000
1500,2000,1500,0.1929612159729004,0.3568410873413086,0.000000000000000
2000,2000,1500,0.2272098064422607,0.3598661422729492,0.000000000000000
3000,2000,1500,0.2762610912322998,0.3814480304718018,0.000000000000000
5000,2000,1500,0.3759071826934814,0.3857879638671875,0.000000000000000
100,3000,1500,0.1181728839874268,0.4600820541381836,0.000000000000000
250,3000,1500,0.1326358318328857,0.4626939296722412,0.000000000000000
500,3000,1500,0.1607668399810791,0.4992091655731201,0.000000000000000
750,3000,1500,0.2145378589630127,0.5028488636016846,0.000000000000000
1000,3000,1500,0.2078149318695068,0.5062339305877686,0.000000000000000
1500,3000,1500,0.2911911010742188,0.5153179168701172,0.000000000000000
2000,3000,1500,0.3102869987487793,0.5205428600311279,0.000000000000000
3000,3000,1500,0.4396078586578369,0.5362010002136230,0.000000000000000
5000,3000,1500,0.6204788684844971,0.5635449886322021,0.000000000000000
100,5000,1500,0.1310229301452637,0.7684578895568848,0.000000000000000
250,5000,1500,0.1614630222320557,0.8205940723419189,0.000000000000000
500,5000,1500,0.1914072036743164,0.8256430625915527,0.000000000000000
750,5000,1500,0.2528660297393799,0.8417499065399170,0.000000000000000
1000,5000,1500,0.2837400436401367,0.8303010463714600,0.000000000000000
1500,5000,1500,0.3766698837280273,0.8448019027709961,0.000000000000000
2000,5000,1500,0.4951419830322266,0.8378899097442627,0.000000000000000
3000,5000,1500,0.6911010742187500,0.8697149753570557,0.000000000000000
5000,5000,1500,1.040992975234985,0.9156301021575928,0.000000000000000
100,100,2000,0.1136548519134521,1.4065980911254883E-002,0.000000000000000
250,100,2000,0.1298730373382568,1.7423868179321289E-002,0.000000000000000
500,100,2000,0.1355168819427490,2.4225950241088867E-002,0.000000000000000
750,100,2000,0.1252608299255371,2.5461912155151367E-002,0.000000000000000
1000,100,2000,0.1241858005523682,3.0274152755737305E-002,0.000000000000000
1500,100,2000,0.1456279754638672,4.3498039245605469E-002,0.000000000000000
2000,100,2000,0.1584429740905762,5.2411079406738281E-002,0.000000000000000
3000,100,2000,0.1614060401916504,5.5954933166503906E-002,0.000000000000000
5000,100,2000,0.2051348686218262,0.1007430553436279,0.000000000000000
100,250,2000,0.1285529136657715,4.0796041488647461E-002,0.000000000000000
250,250,2000,0.1358380317687988,4.8861026763916016E-002,0.000000000000000
500,250,2000,0.1417908668518066,5.7175874710083008E-002,0.000000000000000
750,250,2000,0.1303570270538330,5.8501005172729492E-002,0.000000000000000
1000,250,2000,0.1382110118865967,6.1728954315185547E-002,0.000000000000000
1500,250,2000,0.1174979209899902,6.2762975692749023E-002,0.000000000000000
2000,250,2000,0.1466321945190430,8.1912040710449219E-002,0.000000000000000
3000,250,2000,0.1646950244903564,8.3781957626342773E-002,0.000000000000000
5000,250,2000,0.1839790344238281,0.1414549350738525,0.000000000000000
100,500,2000,0.1292791366577148,0.1104788780212402,0.000000000000000
250,500,2000,0.1322450637817383,0.1130578517913818,0.000000000000000
500,500,2000,0.1330420970916748,0.1118621826171875,0.000000000000000
750,500,2000,0.1428551673889160,0.1142129898071289,0.000000000000000
1000,500,2000,0.1600871086120605,0.1184058189392090,0.000000000000000
1500,500,2000,0.1663169860839844,0.1269969940185547,0.000000000000000
2000,500,2000,0.1778049468994141,0.1450848579406738,0.000000000000000
3000,500,2000,0.1967670917510986,0.1617188453674316,0.000000000000000
5000,500,2000,0.2415840625762939,0.2001440525054932,0.000000000000000
100,750,2000,0.1324341297149658,0.1456620693206787,0.000000000000000
250,750,2000,0.1369750499725342,0.1487240791320801,0.000000000000000
500,750,2000,0.1269428730010986,0.1484329700469971,0.000000000000000
750,750,2000,0.1226799488067627,0.1495020389556885,0.000000000000000
1000,750,2000,0.1306610107421875,0.1578409671783447,0.000000000000000
1500,750,2000,0.1646060943603516,0.1926119327545166,0.000000000000000
2000,750,2000,0.1614511013031006,0.1895980834960938,0.000000000000000
3000,750,2000,0.1746160984039307,0.2043287754058838,0.000000000000000
5000,750,2000,0.2158949375152588,0.2552998065948486,0.000000000000000
100,1000,2000,0.1301999092102051,0.2075691223144531,0.000000000000000
250,1000,2000,0.1265819072723389,0.2109830379486084,0.000000000000000
500,1000,2000,0.1351280212402344,0.2110409736633301,0.000000000000000
750,1000,2000,0.1314120292663574,0.2126159667968750,0.000000000000000
1000,1000,2000,0.1404099464416504,0.2324588298797607,0.000000000000000
1500,1000,2000,0.1524498462677002,0.2422089576721191,0.000000000000000
2000,1000,2000,0.1604290008544922,0.2446341514587402,0.000000000000000
3000,1000,2000,0.2142591476440430,0.2790551185607910,0.000000000000000
5000,1000,2000,0.2923858165740967,0.3189489841461182,0.000000000000000
100,1500,2000,0.1443200111389160,0.3114449977874756,0.000000000000000
250,1500,2000,0.1514539718627930,0.3143930435180664,0.000000000000000
500,1500,2000,0.1678669452667236,0.3191151618957520,0.000000000000000
750,1500,2000,0.1760430335998535,0.3454101085662842,0.000000000000000
1000,1500,2000,0.1893298625946045,0.3408999443054199,0.000000000000000
1500,1500,2000,0.2233929634094238,0.3565089702606201,0.000000000000000
2000,1500,2000,0.2358598709106445,0.3529088497161865,0.000000000000000
3000,1500,2000,0.3151631355285645,0.3971672058105469,0.000000000000000
5000,1500,2000,0.4619429111480713,0.3991599082946777,0.000000000000000
100,2000,2000,0.1011819839477539,0.4106819629669189,0.000000000000000
250,2000,2000,0.1170091629028320,0.4126961231231689,0.000000000000000
500,2000,2000,0.1551861763000488,0.4467070102691650,0.000000000000000
750,2000,2000,0.1554400920867920,0.4482738971710205,0.000000000000000
1000,2000,2000,0.1925470829010010,0.4539239406585693,0.000000000000000
1500,2000,2000,0.2050728797912598,0.4601190090179443,0.000000000000000
2000,2000,2000,0.2416460514068604,0.4570920467376709,0.000000000000000
3000,2000,2000,0.3590891361236572,0.5092008113861084,0.000000000000000
5000,2000,2000,0.5364999771118164,0.5155549049377441,0.000000000000000
100,3000,2000,0.1235809326171875,0.6172850131988525,0.000000000000000
250,3000,2000,0.1403660774230957,0.6207568645477295,0.000000000000000
500,3000,2000,0.1825890541076660,0.6616301536560059,0.000000000000000
750,3000,2000,0.2238249778747559,0.6740539073944092,0.000000000000000
1000,3000,2000,0.2380650043487549,0.6669991016387939,0.000000000000000
1500,3000,2000,0.3257420063018799,0.6822638511657715,0.000000000000000
2000,3000,2000,0.4059979915618896,0.6830079555511475,0.000000000000000
3000,3000,2000,0.5590829849243164,0.7066209316253662,0.000000000000000
5000,3000,2000,0.8312470912933350,0.7490689754486084,0.000000000000000
100,5000,2000,0.1228859424591064,1.025391817092896,0.000000000000000
250,5000,2000,0.1762099266052246,1.088500022888184,0.000000000000000
500,5000,2000,0.2530229091644287,1.101060152053833,0.000000000000000
750,5000,2000,0.3190710544586182,1.108738899230957,0.000000000000000
1000,5000,2000,0.3511619567871094,1.104435920715332,0.000000000000000
1500,5000,2000,0.4818301200866699,1.124372959136963,0.000000000000000
2000,5000,2000,0.6613869667053223,1.120020151138306,0.000000000000000
3000,5000,2000,0.8609189987182617,1.146893978118896,0.000000000000000
5000,5000,2000,1.425370931625366,1.227816820144653,0.000000000000000
100,100,3000,0.1147041320800781,2.2124052047729492E-002,0.000000000000000
250,100,3000,0.1272230148315430,3.0339956283569336E-002,0.000000000000000
500,100,3000,0.1442749500274658,3.8671016693115234E-002,0.000000000000000
750,100,3000,0.1425168514251709,4.6648025512695313E-002,0.000000000000000
1000,100,3000,0.1534130573272705,5.2974939346313477E-002,0.000000000000000
1500,100,3000,0.1530890464782715,5.5534124374389648E-002,0.000000000000000
2000,100,3000,0.1719930171966553,7.9887151718139648E-002,0.000000000000000
3000,100,3000,0.1736888885498047,0.1046841144561768,0.000000000000000
5000,100,3000,0.2541680335998535,0.1564731597900391,0.000000000000000
100,250,3000,0.1322288513183594,7.6467037200927734E-002,0.000000000000000
250,250,3000,0.1507408618927002,8.3673000335693359E-002,0.000000000000000
500,250,3000,0.1371879577636719,8.4717035293579102E-002,0.000000000000000
750,250,3000,0.1489720344543457,9.0338945388793945E-002,0.000000000000000
1000,250,3000,0.1325809955596924,9.5650911331176758E-002,0.000000000000000
1500,250,3000,0.1711871623992920,0.1067879199981689,0.000000000000000
2000,250,3000,0.1715269088745117,0.1034860610961914,0.000000000000000
3000,250,3000,0.1941640377044678,0.1427459716796875,0.000000000000000
5000,250,3000,0.2576920986175537,0.2107610702514648,0.000000000000000
100,500,3000,0.1313688755035400,0.1572079658508301,0.000000000000000
250,500,3000,0.1357259750366211,0.1614210605621338,0.000000000000000
500,500,3000,0.1473999023437500,0.1678869724273682,0.000000000000000
750,500,3000,0.1564061641693115,0.1710767745971680,0.000000000000000
1000,500,3000,0.1594469547271729,0.1777110099792480,0.000000000000000
1500,500,3000,0.1776340007781982,0.1870450973510742,0.000000000000000
2000,500,3000,0.1901299953460693,0.2128269672393799,0.000000000000000
3000,500,3000,0.2289600372314453,0.2416489124298096,0.000000000000000
5000,500,3000,0.2999689579010010,0.2714030742645264,0.000000000000000
100,750,3000,0.1171820163726807,0.2170748710632324,0.000000000000000
250,750,3000,0.1387078762054443,0.2226560115814209,0.000000000000000
500,750,3000,0.1552550792694092,0.2227180004119873,0.000000000000000
750,750,3000,0.1472220420837402,0.2266390323638916,0.000000000000000
1000,750,3000,0.1721889972686768,0.2385640144348145,0.000000000000000
1500,750,3000,0.1855640411376953,0.2852320671081543,0.000000000000000
2000,750,3000,0.2276670932769775,0.2862558364868164,0.000000000000000
3000,750,3000,0.2683122158050537,0.2952170372009277,0.000000000000000
5000,750,3000,0.3642859458923340,0.3878149986267090,0.000000000000000
100,1000,3000,0.1322588920593262,0.3126590251922607,0.000000000000000
250,1000,3000,0.1461660861968994,0.3168609142303467,0.000000000000000
500,1000,3000,0.1594610214233398,0.3233249187469482,0.000000000000000
750,1000,3000,0.1797170639038086,0.3159668445587158,0.000000000000000
1000,1000,3000,0.1802442073822021,0.3543949127197266,0.000000000000000
1500,1000,3000,0.2404758930206299,0.3727490901947021,0.000000000000000
2000,1000,3000,0.2186329364776611,0.3564341068267822,0.000000000000000
3000,1000,3000,0.2698800563812256,0.3745200634002686,0.000000000000000
5000,1000,3000,0.3994269371032715,0.4114301204681396,0.000000000000000
100,1500,3000,0.1243941783905029,0.4635331630706787,0.000000000000000
250,1500,3000,0.1556379795074463,0.4709239006042480,0.000000000000000
500,1500,3000,0.1672060489654541,0.4752781391143799,0.000000000000000
750,1500,3000,0.1963441371917725,0.5145220756530762,0.000000000000000
1000,1500,3000,0.2474489212036133,0.5078191757202148,0.000000000000000
1500,1500,3000,0.2987000942230225,0.5255339145660400,0.000000000000000
2000,1500,3000,0.3092260360717773,0.5193848609924316,0.000000000000000
3000,1500,3000,0.4476690292358398,0.5469908714294434,0.000000000000000
5000,1500,3000,0.6723299026489258,0.5920650959014893,0.000000000000000
100,2000,3000,0.1103150844573975,0.6159999370574951,0.000000000000000
250,2000,3000,0.1640999317169189,0.6223678588867188,0.000000000000000
500,2000,3000,0.1808350086212158,0.6626288890838623,0.000000000000000
750,2000,3000,0.2133409976959229,0.6718001365661621,0.000000000000000
1000,2000,3000,0.2305340766906738,0.6700410842895508,0.000000000000000
1500,2000,3000,0.3019149303436279,0.6875591278076172,0.000000000000000
2000,2000,3000,0.3826339244842529,0.6838979721069336,0.000000000000000
3000,2000,3000,0.5555269718170166,0.7635819911956787,0.000000000000000
5000,2000,3000,0.8244879245758057,0.8176729679107666,0.000000000000000
100,3000,3000,0.1504771709442139,0.9315879344940186,0.000000000000000
250,3000,3000,0.2086110115051270,0.9360091686248779,0.000000000000000
500,3000,3000,0.2392930984497070,0.9993741512298584,0.000000000000000
750,3000,3000,0.3185391426086426,1.006664991378784,0.000000000000000
1000,3000,3000,0.3259389400482178,0.9973549842834473,0.000000000000000
1500,3000,3000,0.4856300354003906,1.023969888687134,0.000000000000000
2000,3000,3000,0.5553801059722900,1.012505054473877,0.000000000000000
3000,3000,3000,0.7877540588378906,1.051126956939697,0.000000000000000
5000,3000,3000,1.248614072799683,1.121279001235962,0.000000000000000
100,5000,3000,0.1430771350860596,1.539301872253418,0.000000000000000
250,5000,3000,0.2534101009368896,1.639292001724243,0.000000000000000
500,5000,3000,0.2994041442871094,1.646559000015259,0.000000000000000
750,5000,3000,0.4332239627838135,1.660904884338379,0.000000000000000
1000,5000,3000,0.5422911643981934,1.663650989532471,0.000000000000000
1500,5000,3000,0.7452747821807861,1.694941043853760,0.000000000000000
2000,5000,3000,0.8951840400695801,1.668691873550415,0.000000000000000
3000,5000,3000,1.293823003768921,1.729472875595093,0.000000000000000
5000,5000,3000,2.086539983749390,1.859288930892944,0.000000000000000
100,100,5000,0.1123509407043457,4.3589115142822266E-002,0.000000000000000
250,100,5000,0.1460080146789551,5.7209968566894531E-002,0.000000000000000
500,100,5000,0.1485619544982910,6.8063020706176758E-002,0.000000000000000
750,100,5000,0.1643741130828857,8.0145120620727539E-002,0.000000000000000
1000,100,5000,0.1660029888153076,9.0746879577636719E-002,0.000000000000000
1500,100,5000,0.1762900352478027,0.1120109558105469,0.000000000000000
2000,100,5000,0.2207250595092773,0.1101930141448975,0.000000000000000
3000,100,5000,0.2481780052185059,0.1725599765777588,0.000000000000000
5000,100,5000,0.2789609432220459,0.1545050144195557,0.000000000000000
100,250,5000,0.1040930747985840,0.1274178028106689,0.000000000000000
250,250,5000,0.1194770336151123,0.1294648647308350,0.000000000000000
500,250,5000,0.1362168788909912,0.1407060623168945,0.000000000000000
750,250,5000,0.1621270179748535,0.1482172012329102,0.000000000000000
1000,250,5000,0.1688981056213379,0.1585841178894043,0.000000000000000
1500,250,5000,0.1852669715881348,0.1602799892425537,0.000000000000000
2000,250,5000,0.1568081378936768,0.1583631038665771,0.000000000000000
3000,250,5000,0.1915807723999023,0.1769812107086182,0.000000000000000
5000,250,5000,0.3451042175292969,0.2508709430694580,0.000000000000000
100,500,5000,0.1213259696960449,0.2604010105133057,0.000000000000000
250,500,5000,0.1499359607696533,0.2692840099334717,0.000000000000000
500,500,5000,0.1451418399810791,0.2687039375305176,0.000000000000000
750,500,5000,0.1639680862426758,0.2842988967895508,0.000000000000000
1000,500,5000,0.1875901222229004,0.2905309200286865,0.000000000000000
1500,500,5000,0.2264771461486816,0.2907919883728027,0.000000000000000
2000,500,5000,0.2733228206634521,0.3474071025848389,0.000000000000000
3000,500,5000,0.3608539104461670,0.3636980056762695,0.000000000000000
5000,500,5000,0.4160699844360352,0.3935189247131348,0.000000000000000
100,750,5000,0.1237931251525879,0.3595089912414551,0.000000000000000
250,750,5000,0.1260461807250977,0.3625140190124512,0.000000000000000
500,750,5000,0.1550838947296143,0.3681640625000000,0.000000000000000
750,750,5000,0.1952230930328369,0.3701310157775879,0.000000000000000
1000,750,5000,0.2002778053283691,0.3727459907531738,0.000000000000000
1500,750,5000,0.2774338722229004,0.4557001590728760,0.000000000000000
2000,750,5000,0.3348448276519775,0.4506020545959473,0.000000000000000
3000,750,5000,0.4091148376464844,0.4798939228057861,0.000000000000000
5000,750,5000,0.6680929660797119,0.5427219867706299,0.000000000000000
100,1000,5000,0.1290559768676758,0.5160069465637207,0.000000000000000
250,1000,5000,0.1499531269073486,0.5205848217010498,0.000000000000000
500,1000,5000,0.1820321083068848,0.5246679782867432,0.000000000000000
750,1000,5000,0.2154691219329834,0.5358819961547852,0.000000000000000
1000,1000,5000,0.2282381057739258,0.5666527748107910,0.000000000000000
1500,1000,5000,0.3164739608764648,0.5869119167327881,0.000000000000000
2000,1000,5000,0.3675229549407959,0.5904810428619385,0.000000000000000
3000,1000,5000,0.5377919673919678,0.6397588253021240,0.000000000000000
5000,1000,5000,0.7671680450439453,0.6866710186004639,0.000000000000000
100,1500,5000,0.1197829246520996,0.7705891132354736,0.000000000000000
250,1500,5000,0.1688809394836426,0.7782349586486816,0.000000000000000
500,1500,5000,0.1973099708557129,0.7798550128936768,0.000000000000000
750,1500,5000,0.2751560211181641,0.8352489471435547,0.000000000000000
1000,1500,5000,0.3051538467407227,0.8379309177398682,0.000000000000000
1500,1500,5000,0.4027209281921387,0.8641099929809570,0.000000000000000
2000,1500,5000,0.5292170047760010,0.8633568286895752,0.000000000000000
3000,1500,5000,0.7911078929901123,0.9119188785552979,0.000000000000000
5000,1500,5000,1.125957012176514,0.9790558815002441,0.000000000000000
100,2000,5000,0.1458530426025391,1.031260013580322,0.000000000000000
250,2000,5000,0.1768229007720947,1.034610986709595,0.000000000000000
500,2000,5000,0.2179989814758301,1.101294994354248,0.000000000000000
750,2000,5000,0.2821810245513916,1.111208915710449,0.000000000000000
1000,2000,5000,0.3393089771270752,1.111291885375977,0.000000000000000
1500,2000,5000,0.4910140037536621,1.155517816543579,0.000000000000000
2000,2000,5000,0.6428050994873047,1.144852161407471,0.000000000000000
3000,2000,5000,0.8582301139831543,1.253967046737671,0.000000000000000
5000,2000,5000,1.284304857254028,1.260533094406128,0.000000000000000
100,3000,5000,0.1545519828796387,1.534296989440918,0.000000000000000
250,3000,5000,0.2445728778839111,1.559055089950562,0.000000000000000
500,3000,5000,0.3395199775695801,1.660261154174805,0.000000000000000
750,3000,5000,0.4534449577331543,1.673588991165161,0.000000000000000
1000,3000,5000,0.5418469905853271,1.688171863555908,0.000000000000000
1500,3000,5000,0.7045381069183350,1.693422079086304,0.000000000000000
2000,3000,5000,0.9239249229431152,1.682726860046387,0.000000000000000
3000,3000,5000,1.348212957382202,1.747536897659302,0.000000000000000
5000,3000,5000,2.135140895843506,1.868257045745850,0.000000000000000
100,5000,5000,0.1984231472015381,2.576448917388916,0.000000000000000
250,5000,5000,0.2788200378417969,2.716639041900635,0.000000000000000
500,5000,5000,0.4825990200042725,2.744984865188599,0.000000000000000
750,5000,5000,0.6179218292236328,2.761682987213135,0.000000000000000
1000,5000,5000,0.8043849468231201,2.754538059234619,0.000000000000000
1500,5000,5000,1.136485815048218,2.815263032913208,0.000000000000000
2000,5000,5000,1.539336919784546,2.821400880813599,0.000000000000000
3000,5000,5000,2.170436143875122,2.931729078292847,0.000000000000000
5000,5000,5000,3.519853830337524,3.128973960876465,0.000000000000000
